case,seed,status,offered,honest,shallow,refused,completed,audited,unused_refused_audit_slots,false_sanctions,detected_shallow,audit_tokens_spent,expected_utility_regret
no_audit,60,executed,8,0,8,0,8,0,0,0,0,0.0,0.0
no_audit,61,executed,8,0,8,0,8,0,0,0,0,0.0,0.0
no_audit,62,executed,8,0,8,0,8,0,0,0,0,0.0,0.0
no_audit,63,executed,8,0,8,0,8,0,0,0,0,0.0,0.0
no_audit,64,executed,8,0,8,0,8,0,0,0,0,0.0,0.0
no_audit,65,executed,8,0,8,0,8,0,0,0,0,0.0,0.0
no_audit,66,executed,8,0,8,0,8,0,0,0,0,0.0,0.0
no_audit,67,executed,8,0,8,0,8,0,0,0,0,0.0,0.0
no_audit,68,executed,8,0,8,0,8,0,0,0,0,0.0,0.0
no_audit,69,executed,8,0,8,0,8,0,0,0,0,0.0,0.0
no_audit,70,executed,8,0,8,0,8,0,0,0,0,0.0,0.0
no_audit,71,executed,8,0,8,0,8,0,0,0,0,0.0,0.0
no_audit,72,executed,8,0,8,0,8,0,0,0,0,0.0,0.0
no_audit,73,executed,8,0,8,0,8,0,0,0,0,0.0,0.0
no_audit,74,executed,8,0,8,0,8,0,0,0,0,0.0,0.0
no_audit,75,executed,8,0,8,0,8,0,0,0,0,0.0,0.0
no_audit,76,executed,8,0,8,0,8,0,0,0,0,0.0,0.0
no_audit,77,executed,8,0,8,0,8,0,0,0,0,0.0,0.0
no_audit,78,executed,8,0,8,0,8,0,0,0,0,0.0,0.0
no_audit,79,executed,8,0,8,0,8,0,0,0,0,0.0,0.0
concealed_funded,60,executed,8,8,0,0,8,4,0,0,0,4.0,0.0
concealed_funded,61,executed,8,8,0,0,8,4,0,0,0,4.0,0.0
concealed_funded,62,executed,8,8,0,0,8,4,0,0,0,4.0,0.0
concealed_funded,63,executed,8,8,0,0,8,4,0,0,0,4.0,0.0
concealed_funded,64,executed,8,8,0,0,8,4,0,0,0,4.0,0.0
concealed_funded,65,executed,8,8,0,0,8,4,0,0,0,4.0,0.0
concealed_funded,66,executed,8,8,0,0,8,4,0,0,0,4.0,0.0
concealed_funded,67,executed,8,8,0,0,8,4,0,0,0,4.0,0.0
concealed_funded,68,executed,8,8,0,0,8,4,0,0,0,4.0,0.0
concealed_funded,69,executed,8,8,0,0,8,4,0,0,0,4.0,0.0
concealed_funded,70,executed,8,8,0,0,8,4,0,0,0,4.0,0.0
concealed_funded,71,executed,8,8,0,0,8,4,0,0,0,4.0,0.0
concealed_funded,72,executed,8,8,0,0,8,4,0,0,0,4.0,0.0
concealed_funded,73,executed,8,8,0,0,8,4,0,0,0,4.0,0.0
concealed_funded,74,executed,8,8,0,0,8,4,0,0,0,4.0,0.0
concealed_funded,75,executed,8,8,0,0,8,4,0,0,0,4.0,0.0
concealed_funded,76,executed,8,8,0,0,8,4,0,0,0,4.0,0.0
concealed_funded,77,executed,8,8,0,0,8,4,0,0,0,4.0,0.0
concealed_funded,78,executed,8,8,0,0,8,4,0,0,0,4.0,0.0
concealed_funded,79,executed,8,8,0,0,8,4,0,0,0,4.0,0.0
partial_refusal_unused_slots,60,executed,8,4,0,4,4,2,2,0,0,2.0,0.0
partial_refusal_unused_slots,61,executed,8,4,0,4,4,2,2,0,0,2.0,0.0
partial_refusal_unused_slots,62,executed,8,4,0,4,4,2,2,0,0,2.0,0.0
partial_refusal_unused_slots,63,executed,8,4,0,4,4,2,2,0,0,2.0,0.0
partial_refusal_unused_slots,64,executed,8,4,0,4,4,2,2,0,0,2.0,0.0
partial_refusal_unused_slots,65,executed,8,4,0,4,4,2,2,0,0,2.0,0.0
partial_refusal_unused_slots,66,executed,8,4,0,4,4,2,2,0,0,2.0,0.0
partial_refusal_unused_slots,67,executed,8,4,0,4,4,2,2,0,0,2.0,0.0
partial_refusal_unused_slots,68,executed,8,4,0,4,4,3,1,0,0,3.0,0.0
partial_refusal_unused_slots,69,executed,8,4,0,4,4,2,2,0,0,2.0,0.0
partial_refusal_unused_slots,70,executed,8,4,0,4,4,3,1,0,0,3.0,0.0
partial_refusal_unused_slots,71,executed,8,4,0,4,4,1,3,0,0,1.0,0.0
partial_refusal_unused_slots,72,executed,8,4,0,4,4,3,1,0,0,3.0,0.0
partial_refusal_unused_slots,73,executed,8,4,0,4,4,2,2,0,0,2.0,0.0
partial_refusal_unused_slots,74,executed,8,4,0,4,4,1,3,0,0,1.0,0.0
partial_refusal_unused_slots,75,executed,8,4,0,4,4,2,2,0,0,2.0,0.0
partial_refusal_unused_slots,76,executed,8,4,0,4,4,1,3,0,0,1.0,0.0
partial_refusal_unused_slots,77,executed,8,4,0,4,4,3,1,0,0,3.0,0.0
partial_refusal_unused_slots,78,executed,8,4,0,4,4,2,2,0,0,2.0,0.0
partial_refusal_unused_slots,79,executed,8,4,0,4,4,2,2,0,0,2.0,0.0
broken_promise,60,executed_broken_promise_negative_control,8,8,0,0,8,1,0,0,0,1.0,0.84
broken_promise,61,executed_broken_promise_negative_control,8,8,0,0,8,1,0,0,0,1.0,0.84
broken_promise,62,executed_broken_promise_negative_control,8,8,0,0,8,1,0,0,0,1.0,0.84
broken_promise,63,executed_broken_promise_negative_control,8,8,0,0,8,1,0,0,0,1.0,0.84
broken_promise,64,executed_broken_promise_negative_control,8,8,0,0,8,1,0,0,0,1.0,0.84
broken_promise,65,executed_broken_promise_negative_control,8,8,0,0,8,1,0,0,0,1.0,0.84
broken_promise,66,executed_broken_promise_negative_control,8,8,0,0,8,1,0,0,0,1.0,0.84
broken_promise,67,executed_broken_promise_negative_control,8,8,0,0,8,1,0,0,0,1.0,0.84
broken_promise,68,executed_broken_promise_negative_control,8,8,0,0,8,1,0,0,0,1.0,0.84
broken_promise,69,executed_broken_promise_negative_control,8,8,0,0,8,1,0,0,0,1.0,0.84
broken_promise,70,executed_broken_promise_negative_control,8,8,0,0,8,1,0,0,0,1.0,0.84
broken_promise,71,executed_broken_promise_negative_control,8,8,0,0,8,1,0,0,0,1.0,0.84
broken_promise,72,executed_broken_promise_negative_control,8,8,0,0,8,1,0,0,0,1.0,0.84
broken_promise,73,executed_broken_promise_negative_control,8,8,0,0,8,1,0,0,0,1.0,0.84
broken_promise,74,executed_broken_promise_negative_control,8,8,0,0,8,1,0,0,0,1.0,0.84
broken_promise,75,executed_broken_promise_negative_control,8,8,0,0,8,1,0,0,0,1.0,0.84
broken_promise,76,executed_broken_promise_negative_control,8,8,0,0,8,1,0,0,0,1.0,0.84
broken_promise,77,executed_broken_promise_negative_control,8,8,0,0,8,1,0,0,0,1.0,0.84
broken_promise,78,executed_broken_promise_negative_control,8,8,0,0,8,1,0,0,0,1.0,0.84
broken_promise,79,executed_broken_promise_negative_control,8,8,0,0,8,1,0,0,0,1.0,0.84
corrected_disclosure_of_delivery_probability,60,executed,8,0,8,0,8,1,0,0,1,1.0,0.0
corrected_disclosure_of_delivery_probability,61,executed,8,0,8,0,8,1,0,0,1,1.0,0.0
corrected_disclosure_of_delivery_probability,62,executed,8,0,8,0,8,1,0,0,0,1.0,0.0
corrected_disclosure_of_delivery_probability,63,executed,8,0,8,0,8,1,0,0,1,1.0,0.0
corrected_disclosure_of_delivery_probability,64,executed,8,0,8,0,8,1,0,0,1,1.0,0.0
corrected_disclosure_of_delivery_probability,65,executed,8,0,8,0,8,1,0,0,1,1.0,0.0
corrected_disclosure_of_delivery_probability,66,executed,8,0,8,0,8,1,0,0,1,1.0,0.0
corrected_disclosure_of_delivery_probability,67,executed,8,0,8,0,8,1,0,0,1,1.0,0.0
corrected_disclosure_of_delivery_probability,68,executed,8,0,8,0,8,1,0,0,1,1.0,0.0
corrected_disclosure_of_delivery_probability,69,executed,8,0,8,0,8,1,0,0,0,1.0,0.0
corrected_disclosure_of_delivery_probability,70,executed,8,0,8,0,8,1,0,0,1,1.0,0.0
corrected_disclosure_of_delivery_probability,71,executed,8,0,8,0,8,1,0,0,1,1.0,0.0
corrected_disclosure_of_delivery_probability,72,executed,8,0,8,0,8,1,0,0,1,1.0,0.0
corrected_disclosure_of_delivery_probability,73,executed,8,0,8,0,8,1,0,0,1,1.0,0.0
corrected_disclosure_of_delivery_probability,74,executed,8,0,8,0,8,1,0,0,1,1.0,0.0
corrected_disclosure_of_delivery_probability,75,executed,8,0,8,0,8,1,0,0,1,1.0,0.0
corrected_disclosure_of_delivery_probability,76,executed,8,0,8,0,8,1,0,0,0,1.0,0.0
corrected_disclosure_of_delivery_probability,77,executed,8,0,8,0,8,1,0,0,1,1.0,0.0
corrected_disclosure_of_delivery_probability,78,executed,8,0,8,0,8,1,0,0,1,1.0,0.0
corrected_disclosure_of_delivery_probability,79,executed,8,0,8,0,8,1,0,0,1,1.0,0.0
selection_disclosed_before_effort,60,executed,8,4,4,0,8,4,0,0,0,4.0,0.0
selection_disclosed_before_effort,61,executed,8,4,4,0,8,4,0,0,0,4.0,0.0
selection_disclosed_before_effort,62,executed,8,4,4,0,8,4,0,0,0,4.0,0.0
selection_disclosed_before_effort,63,executed,8,4,4,0,8,4,0,0,0,4.0,0.0
selection_disclosed_before_effort,64,executed,8,4,4,0,8,4,0,0,0,4.0,0.0
selection_disclosed_before_effort,65,executed,8,4,4,0,8,4,0,0,0,4.0,0.0
selection_disclosed_before_effort,66,executed,8,4,4,0,8,4,0,0,0,4.0,0.0
selection_disclosed_before_effort,67,executed,8,4,4,0,8,4,0,0,0,4.0,0.0
selection_disclosed_before_effort,68,executed,8,4,4,0,8,4,0,0,0,4.0,0.0
selection_disclosed_before_effort,69,executed,8,4,4,0,8,4,0,0,0,4.0,0.0
selection_disclosed_before_effort,70,executed,8,4,4,0,8,4,0,0,0,4.0,0.0
selection_disclosed_before_effort,71,executed,8,4,4,0,8,4,0,0,0,4.0,0.0
selection_disclosed_before_effort,72,executed,8,4,4,0,8,4,0,0,0,4.0,0.0
selection_disclosed_before_effort,73,executed,8,4,4,0,8,4,0,0,0,4.0,0.0
selection_disclosed_before_effort,74,executed,8,4,4,0,8,4,0,0,0,4.0,0.0
selection_disclosed_before_effort,75,executed,8,4,4,0,8,4,0,0,0,4.0,0.0
selection_disclosed_before_effort,76,executed,8,4,4,0,8,4,0,0,0,4.0,0.0
selection_disclosed_before_effort,77,executed,8,4,4,0,8,4,0,0,0,4.0,0.0
selection_disclosed_before_effort,78,executed,8,4,4,0,8,4,0,0,0,4.0,0.0
selection_disclosed_before_effort,79,executed,8,4,4,0,8,4,0,0,0,4.0,0.0
false_positive_exclusion,60,executed,8,0,0,8,0,0,4,0,0,0.0,0.0
false_positive_exclusion,61,executed,8,0,0,8,0,0,4,0,0,0.0,0.0
false_positive_exclusion,62,executed,8,0,0,8,0,0,4,0,0,0.0,0.0
false_positive_exclusion,63,executed,8,0,0,8,0,0,4,0,0,0.0,0.0
false_positive_exclusion,64,executed,8,0,0,8,0,0,4,0,0,0.0,0.0
false_positive_exclusion,65,executed,8,0,0,8,0,0,4,0,0,0.0,0.0
false_positive_exclusion,66,executed,8,0,0,8,0,0,4,0,0,0.0,0.0
false_positive_exclusion,67,executed,8,0,0,8,0,0,4,0,0,0.0,0.0
false_positive_exclusion,68,executed,8,0,0,8,0,0,4,0,0,0.0,0.0
false_positive_exclusion,69,executed,8,0,0,8,0,0,4,0,0,0.0,0.0
false_positive_exclusion,70,executed,8,0,0,8,0,0,4,0,0,0.0,0.0
false_positive_exclusion,71,executed,8,0,0,8,0,0,4,0,0,0.0,0.0
false_positive_exclusion,72,executed,8,0,0,8,0,0,4,0,0,0.0,0.0
false_positive_exclusion,73,executed,8,0,0,8,0,0,4,0,0,0.0,0.0
false_positive_exclusion,74,executed,8,0,0,8,0,0,4,0,0,0.0,0.0
false_positive_exclusion,75,executed,8,0,0,8,0,0,4,0,0,0.0,0.0
false_positive_exclusion,76,executed,8,0,0,8,0,0,4,0,0,0.0,0.0
false_positive_exclusion,77,executed,8,0,0,8,0,0,4,0,0,0.0,0.0
false_positive_exclusion,78,executed,8,0,0,8,0,0,4,0,0,0.0,0.0
false_positive_exclusion,79,executed,8,0,0,8,0,0,4,0,0,0.0,0.0
shared_cross_roles,60,executed,8,8,0,0,8,4,0,0,0,4.0,0.0
shared_cross_roles,61,executed,8,8,0,0,8,4,0,0,0,4.0,0.0
shared_cross_roles,62,executed,8,8,0,0,8,4,0,0,0,4.0,0.0
shared_cross_roles,63,executed,8,8,0,0,8,4,0,0,0,4.0,0.0
shared_cross_roles,64,executed,8,8,0,0,8,4,0,0,0,4.0,0.0
shared_cross_roles,65,executed,8,8,0,0,8,4,0,0,0,4.0,0.0
shared_cross_roles,66,executed,8,8,0,0,8,4,0,0,0,4.0,0.0
shared_cross_roles,67,executed,8,8,0,0,8,4,0,0,0,4.0,0.0
shared_cross_roles,68,executed,8,8,0,0,8,4,0,0,0,4.0,0.0
shared_cross_roles,69,executed,8,8,0,0,8,4,0,0,0,4.0,0.0
shared_cross_roles,70,executed,8,8,0,0,8,4,0,0,0,4.0,0.0
shared_cross_roles,71,executed,8,8,0,0,8,4,0,0,0,4.0,0.0
shared_cross_roles,72,executed,8,8,0,0,8,4,0,0,0,4.0,0.0
shared_cross_roles,73,executed,8,8,0,0,8,4,0,0,0,4.0,0.0
shared_cross_roles,74,executed,8,8,0,0,8,4,0,0,0,4.0,0.0
shared_cross_roles,75,executed,8,8,0,0,8,4,0,0,0,4.0,0.0
shared_cross_roles,76,executed,8,8,0,0,8,4,0,0,0,4.0,0.0
shared_cross_roles,77,executed,8,8,0,0,8,4,0,0,0,4.0,0.0
shared_cross_roles,78,executed,8,8,0,0,8,4,0,0,0,4.0,0.0
shared_cross_roles,79,executed,8,8,0,0,8,4,0,0,0,4.0,0.0
insufficient_shared_capacity,60,unavailable_before_offering,0,0,0,0,0,0,0,0,0,0,0
insufficient_shared_capacity,61,unavailable_before_offering,0,0,0,0,0,0,0,0,0,0,0
insufficient_shared_capacity,62,unavailable_before_offering,0,0,0,0,0,0,0,0,0,0,0
insufficient_shared_capacity,63,unavailable_before_offering,0,0,0,0,0,0,0,0,0,0,0
insufficient_shared_capacity,64,unavailable_before_offering,0,0,0,0,0,0,0,0,0,0,0
insufficient_shared_capacity,65,unavailable_before_offering,0,0,0,0,0,0,0,0,0,0,0
insufficient_shared_capacity,66,unavailable_before_offering,0,0,0,0,0,0,0,0,0,0,0
insufficient_shared_capacity,67,unavailable_before_offering,0,0,0,0,0,0,0,0,0,0,0
insufficient_shared_capacity,68,unavailable_before_offering,0,0,0,0,0,0,0,0,0,0,0
insufficient_shared_capacity,69,unavailable_before_offering,0,0,0,0,0,0,0,0,0,0,0
insufficient_shared_capacity,70,unavailable_before_offering,0,0,0,0,0,0,0,0,0,0,0
insufficient_shared_capacity,71,unavailable_before_offering,0,0,0,0,0,0,0,0,0,0,0
insufficient_shared_capacity,72,unavailable_before_offering,0,0,0,0,0,0,0,0,0,0,0
insufficient_shared_capacity,73,unavailable_before_offering,0,0,0,0,0,0,0,0,0,0,0
insufficient_shared_capacity,74,unavailable_before_offering,0,0,0,0,0,0,0,0,0,0,0
insufficient_shared_capacity,75,unavailable_before_offering,0,0,0,0,0,0,0,0,0,0,0
insufficient_shared_capacity,76,unavailable_before_offering,0,0,0,0,0,0,0,0,0,0,0
insufficient_shared_capacity,77,unavailable_before_offering,0,0,0,0,0,0,0,0,0,0,0
insufficient_shared_capacity,78,unavailable_before_offering,0,0,0,0,0,0,0,0,0,0,0
insufficient_shared_capacity,79,unavailable_before_offering,0,0,0,0,0,0,0,0,0,0,0
self_audit_unavailable,60,unavailable_before_offering,0,0,0,0,0,0,0,0,0,0,0
self_audit_unavailable,61,unavailable_before_offering,0,0,0,0,0,0,0,0,0,0,0
self_audit_unavailable,62,unavailable_before_offering,0,0,0,0,0,0,0,0,0,0,0
self_audit_unavailable,63,unavailable_before_offering,0,0,0,0,0,0,0,0,0,0,0
self_audit_unavailable,64,unavailable_before_offering,0,0,0,0,0,0,0,0,0,0,0
self_audit_unavailable,65,unavailable_before_offering,0,0,0,0,0,0,0,0,0,0,0
self_audit_unavailable,66,unavailable_before_offering,0,0,0,0,0,0,0,0,0,0,0
self_audit_unavailable,67,unavailable_before_offering,0,0,0,0,0,0,0,0,0,0,0
self_audit_unavailable,68,unavailable_before_offering,0,0,0,0,0,0,0,0,0,0,0
self_audit_unavailable,69,unavailable_before_offering,0,0,0,0,0,0,0,0,0,0,0
self_audit_unavailable,70,unavailable_before_offering,0,0,0,0,0,0,0,0,0,0,0
self_audit_unavailable,71,unavailable_before_offering,0,0,0,0,0,0,0,0,0,0,0
self_audit_unavailable,72,unavailable_before_offering,0,0,0,0,0,0,0,0,0,0,0
self_audit_unavailable,73,unavailable_before_offering,0,0,0,0,0,0,0,0,0,0,0
self_audit_unavailable,74,unavailable_before_offering,0,0,0,0,0,0,0,0,0,0,0
self_audit_unavailable,75,unavailable_before_offering,0,0,0,0,0,0,0,0,0,0,0
self_audit_unavailable,76,unavailable_before_offering,0,0,0,0,0,0,0,0,0,0,0
self_audit_unavailable,77,unavailable_before_offering,0,0,0,0,0,0,0,0,0,0,0
self_audit_unavailable,78,unavailable_before_offering,0,0,0,0,0,0,0,0,0,0,0
self_audit_unavailable,79,unavailable_before_offering,0,0,0,0,0,0,0,0,0,0,0
insufficient_collateral,60,unavailable_before_offering,0,0,0,0,0,0,0,0,0,0,0
insufficient_collateral,61,unavailable_before_offering,0,0,0,0,0,0,0,0,0,0,0
insufficient_collateral,62,unavailable_before_offering,0,0,0,0,0,0,0,0,0,0,0
insufficient_collateral,63,unavailable_before_offering,0,0,0,0,0,0,0,0,0,0,0
insufficient_collateral,64,unavailable_before_offering,0,0,0,0,0,0,0,0,0,0,0
insufficient_collateral,65,unavailable_before_offering,0,0,0,0,0,0,0,0,0,0,0
insufficient_collateral,66,unavailable_before_offering,0,0,0,0,0,0,0,0,0,0,0
insufficient_collateral,67,unavailable_before_offering,0,0,0,0,0,0,0,0,0,0,0
insufficient_collateral,68,unavailable_before_offering,0,0,0,0,0,0,0,0,0,0,0
insufficient_collateral,69,unavailable_before_offering,0,0,0,0,0,0,0,0,0,0,0
insufficient_collateral,70,unavailable_before_offering,0,0,0,0,0,0,0,0,0,0,0
insufficient_collateral,71,unavailable_before_offering,0,0,0,0,0,0,0,0,0,0,0
insufficient_collateral,72,unavailable_before_offering,0,0,0,0,0,0,0,0,0,0,0
insufficient_collateral,73,unavailable_before_offering,0,0,0,0,0,0,0,0,0,0,0
insufficient_collateral,74,unavailable_before_offering,0,0,0,0,0,0,0,0,0,0,0
insufficient_collateral,75,unavailable_before_offering,0,0,0,0,0,0,0,0,0,0,0
insufficient_collateral,76,unavailable_before_offering,0,0,0,0,0,0,0,0,0,0,0
insufficient_collateral,77,unavailable_before_offering,0,0,0,0,0,0,0,0,0,0,0
insufficient_collateral,78,unavailable_before_offering,0,0,0,0,0,0,0,0,0,0,0
insufficient_collateral,79,unavailable_before_offering,0,0,0,0,0,0,0,0,0,0,0
