groups,beta,chi,exploration,initial,local_eigenvalue,max_share,hhi,residual_inf
2,1,0,0,near_uniform,-1.0,0.5000000000000013,0.5,1.3322676295501878e-15
2,1,0,0,concentrated,-1.0,0.5000000000000013,0.5,1.3322676295501878e-15
2,2,0,0,near_uniform,-1.0,0.5000000000000013,0.5,1.3322676295501878e-15
2,2,0,0,concentrated,-1.0,0.5000000000000013,0.5,1.3322676295501878e-15
2,3,0,0,near_uniform,-1.0,0.5000000000000013,0.5,1.3322676295501878e-15
2,3,0,0,concentrated,-1.0,0.5000000000000013,0.5,1.3322676295501878e-15
2,4,0,0,near_uniform,-1.0,0.5000000000000013,0.5,1.3322676295501878e-15
2,4,0,0,concentrated,-1.0,0.5000000000000013,0.5,1.3322676295501878e-15
2,6,0,0,near_uniform,-1.0,0.5000000000000013,0.5,1.3322676295501878e-15
2,6,0,0,concentrated,-1.0,0.5000000000000013,0.5,1.3322676295501878e-15
2,8,0,0,near_uniform,-1.0,0.5000000000000013,0.5,1.3322676295501878e-15
2,8,0,0,concentrated,-1.0,0.5000000000000013,0.5,1.3322676295501878e-15
2,12,0,0,near_uniform,-1.0,0.5000000000000013,0.5,1.3322676295501878e-15
2,12,0,0,concentrated,-1.0,0.5000000000000013,0.5,1.3322676295501878e-15
2,20,0,0,near_uniform,-1.0,0.5000000000000013,0.5,1.3322676295501878e-15
2,20,0,0,concentrated,-1.0,0.5000000000000013,0.5,1.3322676295501878e-15
2,1,0,0.1,near_uniform,-1.0,0.5000000000000013,0.5,1.3322676295501878e-15
2,1,0,0.1,concentrated,-1.0,0.5000000000000013,0.5,1.3322676295501878e-15
2,2,0,0.1,near_uniform,-1.0,0.5000000000000013,0.5,1.3322676295501878e-15
2,2,0,0.1,concentrated,-1.0,0.5000000000000013,0.5,1.3322676295501878e-15
2,3,0,0.1,near_uniform,-1.0,0.5000000000000013,0.5,1.3322676295501878e-15
2,3,0,0.1,concentrated,-1.0,0.5000000000000013,0.5,1.3322676295501878e-15
2,4,0,0.1,near_uniform,-1.0,0.5000000000000013,0.5,1.3322676295501878e-15
2,4,0,0.1,concentrated,-1.0,0.5000000000000013,0.5,1.3322676295501878e-15
2,6,0,0.1,near_uniform,-1.0,0.5000000000000013,0.5,1.3322676295501878e-15
2,6,0,0.1,concentrated,-1.0,0.5000000000000013,0.5,1.3322676295501878e-15
2,8,0,0.1,near_uniform,-1.0,0.5000000000000013,0.5,1.3322676295501878e-15
2,8,0,0.1,concentrated,-1.0,0.5000000000000013,0.5,1.3322676295501878e-15
2,12,0,0.1,near_uniform,-1.0,0.5000000000000013,0.5,1.3322676295501878e-15
2,12,0,0.1,concentrated,-1.0,0.5000000000000013,0.5,1.3322676295501878e-15
2,20,0,0.1,near_uniform,-1.0,0.5000000000000013,0.5,1.3322676295501878e-15
2,20,0,0.1,concentrated,-1.0,0.5000000000000013,0.5,1.3322676295501878e-15
2,1,0,0.3,near_uniform,-1.0,0.5000000000000013,0.5,1.3322676295501878e-15
2,1,0,0.3,concentrated,-1.0,0.5000000000000013,0.5,1.3322676295501878e-15
2,2,0,0.3,near_uniform,-1.0,0.5000000000000013,0.5,1.3322676295501878e-15
2,2,0,0.3,concentrated,-1.0,0.5000000000000013,0.5,1.3322676295501878e-15
2,3,0,0.3,near_uniform,-1.0,0.5000000000000013,0.5,1.3322676295501878e-15
2,3,0,0.3,concentrated,-1.0,0.5000000000000013,0.5,1.3322676295501878e-15
2,4,0,0.3,near_uniform,-1.0,0.5000000000000013,0.5,1.3322676295501878e-15
2,4,0,0.3,concentrated,-1.0,0.5000000000000013,0.5,1.3322676295501878e-15
2,6,0,0.3,near_uniform,-1.0,0.5000000000000013,0.5,1.3322676295501878e-15
2,6,0,0.3,concentrated,-1.0,0.5000000000000013,0.5,1.3322676295501878e-15
2,8,0,0.3,near_uniform,-1.0,0.5000000000000013,0.5,1.3322676295501878e-15
2,8,0,0.3,concentrated,-1.0,0.5000000000000013,0.5,1.3322676295501878e-15
2,12,0,0.3,near_uniform,-1.0,0.5000000000000013,0.5,1.3322676295501878e-15
2,12,0,0.3,concentrated,-1.0,0.5000000000000013,0.5,1.3322676295501878e-15
2,20,0,0.3,near_uniform,-1.0,0.5000000000000013,0.5,1.3322676295501878e-15
2,20,0,0.3,concentrated,-1.0,0.5000000000000013,0.5,1.3322676295501878e-15
2,1,0.5,0,near_uniform,-0.75,0.5000000000000041,0.5,3.1086244689504383e-15
2,1,0.5,0,concentrated,-0.75,0.5000000000000041,0.5,3.1086244689504383e-15
2,2,0.5,0,near_uniform,-0.5,0.5000000000000041,0.5,2.0539125955565396e-15
2,2,0.5,0,concentrated,-0.5,0.5000000000000041,0.5,2.0539125955565396e-15
2,3,0.5,0,near_uniform,-0.25,0.5000000000000124,0.5,3.1086244689504383e-15
2,3,0.5,0,concentrated,-0.25,0.5000000000000124,0.5,3.1086244689504383e-15
2,4,0.5,0,near_uniform,0.0,0.5009996801540136,0.50000199872082,1.3320526348614692e-09
2,4,0.5,0,concentrated,0.0,0.5395584547047233,0.5031297426772502,8.233238542271204e-05
2,6,0.5,0,near_uniform,0.5,0.9292798183200521,0.8685623248337937,2.220446049250313e-15
2,6,0.5,0,concentrated,0.5,0.9292798183200521,0.8685623248337937,2.220446049250313e-15
2,8,0.5,0,near_uniform,1.0,0.9787520120386326,0.958406978062078,1.5543122344752192e-15
2,8,0.5,0,concentrated,1.0,0.9787520120386326,0.958406978062078,1.5543122344752192e-15
2,12,0.5,0,near_uniform,2.0,0.9974507642263117,0.9949145256586831,2.6645352591003757e-15
2,12,0.5,0,concentrated,2.0,0.9974507642263117,0.9949145256586831,2.6645352591003757e-15
2,20,0.5,0,near_uniform,4.0,0.9999545608576152,0.9999091258446617,8.881784197001252e-16
2,20,0.5,0,concentrated,4.0,0.9999545608576152,0.9999091258446617,8.881784197001252e-16
2,1,0.5,0.1,near_uniform,-0.775,0.5000000000000041,0.5,3.219646771412954e-15
2,1,0.5,0.1,concentrated,-0.775,0.5000000000000041,0.5,3.219646771412954e-15
2,2,0.5,0.1,near_uniform,-0.55,0.5000000000000041,0.5,2.275957200481571e-15
2,2,0.5,0.1,concentrated,-0.55,0.5000000000000041,0.5,2.275957200481571e-15
2,3,0.5,0.1,near_uniform,-0.32499999999999996,0.5000000000000097,0.5,3.164135620181696e-15
2,3,0.5,0.1,concentrated,-0.32499999999999996,0.5000000000000097,0.5,3.164135620181696e-15
2,4,0.5,0.1,near_uniform,-0.09999999999999998,0.5000000000000381,0.4999999999999987,4.551914400963142e-15
2,4,0.5,0.1,concentrated,-0.09999999999999998,0.5000000000088402,0.49999999999999933,8.844036614163997e-13
2,6,0.5,0.1,near_uniform,0.3500000000000001,0.8537785162705834,0.7503184771492303,3.219646771412954e-15
2,6,0.5,0.1,concentrated,0.3500000000000001,0.8537785162705944,0.750318477149247,3.1086244689504383e-15
2,8,0.5,0.1,near_uniform,0.8,0.9197229074882372,0.8523346381407578,4.884981308350689e-15
2,8,0.5,0.1,concentrated,0.8,0.9197229074882372,0.8523346381407578,4.884981308350689e-15
2,12,0.5,0.1,near_uniform,1.7000000000000002,0.9457422283355241,0.8973722682430364,5.995204332975845e-15
2,12,0.5,0.1,concentrated,1.7000000000000002,0.9457422283355241,0.8973722682430364,5.995204332975845e-15
2,20,0.5,0.1,near_uniform,3.5,0.9498886974224372,0.9047996801369141,3.3306690738754696e-15
2,20,0.5,0.1,concentrated,3.5,0.9498886974224372,0.9047996801369141,3.3306690738754696e-15
2,1,0.5,0.3,near_uniform,-0.825,0.500000000000004,0.5000000000000027,3.552713678800501e-15
2,1,0.5,0.3,concentrated,-0.825,0.500000000000004,0.5000000000000027,3.552713678800501e-15
2,2,0.5,0.3,near_uniform,-0.65,0.5000000000000041,0.5,2.6645352591003757e-15
2,2,0.5,0.3,concentrated,-0.65,0.5000000000000041,0.5,2.6645352591003757e-15
2,3,0.5,0.3,near_uniform,-0.4750000000000001,0.5000000000000041,0.5,1.9984014443252818e-15
2,3,0.5,0.3,concentrated,-0.4750000000000001,0.5000000000000041,0.5,1.9984014443252818e-15
2,4,0.5,0.3,near_uniform,-0.30000000000000004,0.5000000000000097,0.5,2.886579864025407e-15
2,4,0.5,0.3,concentrated,-0.30000000000000004,0.5000000000000097,0.5,2.886579864025407e-15
2,6,0.5,0.3,near_uniform,0.04999999999999982,0.6297469140909486,0.5336685234322474,8.70412064646331e-09
2,6,0.5,0.3,concentrated,0.04999999999999982,0.6297470064090372,0.5336685713442129,9.022227409616335e-13
2,8,0.5,0.3,near_uniform,0.3999999999999999,0.785084985924369,0.6625468983989938,3.9968028886505635e-15
2,8,0.5,0.3,concentrated,0.3999999999999999,0.78508498592438,0.6625468983990088,3.1086244689504383e-15
2,12,0.5,0.3,near_uniform,1.0999999999999996,0.8380973355636,0.7286196166304095,4.773959005888173e-15
2,12,0.5,0.3,concentrated,1.0999999999999996,0.8380973355636054,0.7286196166304182,8.604228440844963e-16
2,20,0.5,0.3,near_uniform,2.5,0.8493539785359071,0.7440964046377339,1.3322676295501878e-15
2,20,0.5,0.3,concentrated,2.5,0.8493539785359125,0.7440964046377427,4.107825191113079e-15
2,1,1,0,near_uniform,-0.5,0.5000000000000041,0.5,2.0539125955565396e-15
2,1,1,0,concentrated,-0.5,0.5000000000000041,0.5,2.0539125955565396e-15
2,2,1,0,near_uniform,0.0,0.5009996801540136,0.50000199872082,1.3320526348614692e-09
2,2,1,0,concentrated,0.0,0.5395584547047233,0.5031297426772502,8.233238542271204e-05
2,3,1,0,near_uniform,0.5,0.9292798183200521,0.8685623248337937,2.220446049250313e-15
2,3,1,0,concentrated,0.5,0.9292798183200521,0.8685623248337937,2.220446049250313e-15
2,4,1,0,near_uniform,1.0,0.9787520120386326,0.958406978062078,1.5543122344752192e-15
2,4,1,0,concentrated,1.0,0.9787520120386326,0.958406978062078,1.5543122344752192e-15
2,6,1,0,near_uniform,2.0,0.9974507642263117,0.9949145256586831,2.6645352591003757e-15
2,6,1,0,concentrated,2.0,0.9974507642263117,0.9949145256586831,2.6645352591003757e-15
2,8,1,0,near_uniform,3.0,0.9996628365075497,0.9993259003735406,4.440892098500626e-15
2,8,1,0,concentrated,3.0,0.9996628365075497,0.9993259003735406,4.440892098500626e-15
2,12,1,0,near_uniform,5.0,0.9999938549191809,0.9999877099138859,8.881784197001252e-16
2,12,1,0,concentrated,5.0,0.9999938549191809,0.9999877099138859,8.881784197001252e-16
2,20,1,0,near_uniform,9.0,0.9999999979388405,0.9999999958776811,5.773159728050814e-15
2,20,1,0,concentrated,9.0,0.9999999979388405,0.9999999958776811,5.773159728050814e-15
2,1,1,0.1,near_uniform,-0.55,0.5000000000000041,0.5,2.275957200481571e-15
2,1,1,0.1,concentrated,-0.55,0.5000000000000041,0.5,2.275957200481571e-15
2,2,1,0.1,near_uniform,-0.09999999999999998,0.5000000000000381,0.4999999999999987,4.551914400963142e-15
2,2,1,0.1,concentrated,-0.09999999999999998,0.5000000000088402,0.49999999999999933,8.844036614163997e-13
2,3,1,0.1,near_uniform,0.3500000000000001,0.8537785162705834,0.7503184771492303,3.219646771412954e-15
2,3,1,0.1,concentrated,0.3500000000000001,0.8537785162705944,0.750318477149247,3.1086244689504383e-15
2,4,1,0.1,near_uniform,0.8,0.9197229074882372,0.8523346381407578,4.884981308350689e-15
2,4,1,0.1,concentrated,0.8,0.9197229074882372,0.8523346381407578,4.884981308350689e-15
2,6,1,0.1,near_uniform,1.7000000000000002,0.9457422283355241,0.8973722682430364,5.995204332975845e-15
2,6,1,0.1,concentrated,1.7000000000000002,0.9457422283355241,0.8973722682430364,5.995204332975845e-15
2,8,1,0.1,near_uniform,2.6,0.9493212481350397,0.9037791680512596,3.6637359812630166e-15
2,8,1,0.1,concentrated,2.6,0.9493212481350397,0.9037791680512596,3.6637359812630166e-15
2,12,1,0.1,near_uniform,4.4,0.9499816327268338,0.904966939583014,2.3314683517128287e-15
2,12,1,0.1,concentrated,4.4,0.9499816327268338,0.904966939583014,2.3314683517128287e-15
2,20,1,0.1,near_uniform,8.0,0.9499999862930062,0.904999975327411,4.773959005888173e-15
2,20,1,0.1,concentrated,8.0,0.9499999862930062,0.904999975327411,4.773959005888173e-15
2,1,1,0.3,near_uniform,-0.65,0.5000000000000041,0.5,2.6645352591003757e-15
2,1,1,0.3,concentrated,-0.65,0.5000000000000041,0.5,2.6645352591003757e-15
2,2,1,0.3,near_uniform,-0.30000000000000004,0.5000000000000097,0.5,2.886579864025407e-15
2,2,1,0.3,concentrated,-0.30000000000000004,0.5000000000000097,0.5,2.886579864025407e-15
2,3,1,0.3,near_uniform,0.04999999999999982,0.6297469140909486,0.5336685234322474,8.70412064646331e-09
2,3,1,0.3,concentrated,0.04999999999999982,0.6297470064090372,0.5336685713442129,9.022227409616335e-13
2,4,1,0.3,near_uniform,0.3999999999999999,0.785084985924369,0.6625468983989938,3.9968028886505635e-15
2,4,1,0.3,concentrated,0.3999999999999999,0.78508498592438,0.6625468983990088,3.1086244689504383e-15
2,6,1,0.3,near_uniform,1.0999999999999996,0.8380973355636,0.7286196166304095,4.773959005888173e-15
2,6,1,0.3,concentrated,1.0999999999999996,0.8380973355636054,0.7286196166304182,8.604228440844963e-16
2,8,1,0.3,near_uniform,1.7999999999999998,0.8473079585455033,0.7412456361380895,2.220446049250313e-15
2,8,1,0.3,concentrated,1.7999999999999998,0.8473079585455088,0.7412456361380984,3.1086244689504383e-15
2,12,1,0.3,near_uniform,3.1999999999999993,0.8498420306253273,0.7447788927841029,6.106226635438361e-15
2,12,1,0.3,concentrated,3.1999999999999993,0.8498420306253383,0.7447788927841212,4.773959005888173e-15
2,20,1,0.3,near_uniform,6.0,0.8499994179168268,0.7449991850842349,1.1102230246251565e-15
2,20,1,0.3,concentrated,6.0,0.8499994179168322,0.7449991850842438,4.3298697960381105e-15
4,1,0,0,near_uniform,-1.0,0.25000000000000067,0.25,6.661338147750939e-16
4,1,0,0,concentrated,-1.0,0.25000000000000067,0.24999999999999933,6.661338147750939e-16
4,2,0,0,near_uniform,-1.0,0.25000000000000067,0.25,6.661338147750939e-16
4,2,0,0,concentrated,-1.0,0.25000000000000067,0.24999999999999933,6.661338147750939e-16
4,3,0,0,near_uniform,-1.0,0.25000000000000067,0.25,6.661338147750939e-16
4,3,0,0,concentrated,-1.0,0.25000000000000067,0.24999999999999933,6.661338147750939e-16
4,4,0,0,near_uniform,-1.0,0.25000000000000067,0.25,6.661338147750939e-16
4,4,0,0,concentrated,-1.0,0.25000000000000067,0.24999999999999933,6.661338147750939e-16
4,6,0,0,near_uniform,-1.0,0.25000000000000067,0.25,6.661338147750939e-16
4,6,0,0,concentrated,-1.0,0.25000000000000067,0.24999999999999933,6.661338147750939e-16
4,8,0,0,near_uniform,-1.0,0.25000000000000067,0.25,6.661338147750939e-16
4,8,0,0,concentrated,-1.0,0.25000000000000067,0.24999999999999933,6.661338147750939e-16
4,12,0,0,near_uniform,-1.0,0.25000000000000067,0.25,6.661338147750939e-16
4,12,0,0,concentrated,-1.0,0.25000000000000067,0.24999999999999933,6.661338147750939e-16
4,20,0,0,near_uniform,-1.0,0.25000000000000067,0.25,6.661338147750939e-16
4,20,0,0,concentrated,-1.0,0.25000000000000067,0.24999999999999933,6.661338147750939e-16
4,1,0,0.1,near_uniform,-1.0,0.25000000000000067,0.25,6.661338147750939e-16
4,1,0,0.1,concentrated,-1.0,0.25000000000000067,0.24999999999999933,6.661338147750939e-16
4,2,0,0.1,near_uniform,-1.0,0.25000000000000067,0.25,6.661338147750939e-16
4,2,0,0.1,concentrated,-1.0,0.25000000000000067,0.24999999999999933,6.661338147750939e-16
4,3,0,0.1,near_uniform,-1.0,0.25000000000000067,0.25,6.661338147750939e-16
4,3,0,0.1,concentrated,-1.0,0.25000000000000067,0.24999999999999933,6.661338147750939e-16
4,4,0,0.1,near_uniform,-1.0,0.25000000000000067,0.25,6.661338147750939e-16
4,4,0,0.1,concentrated,-1.0,0.25000000000000067,0.24999999999999933,6.661338147750939e-16
4,6,0,0.1,near_uniform,-1.0,0.25000000000000067,0.25,6.661338147750939e-16
4,6,0,0.1,concentrated,-1.0,0.25000000000000067,0.24999999999999933,6.661338147750939e-16
4,8,0,0.1,near_uniform,-1.0,0.25000000000000067,0.25,6.661338147750939e-16
4,8,0,0.1,concentrated,-1.0,0.25000000000000067,0.24999999999999933,6.661338147750939e-16
4,12,0,0.1,near_uniform,-1.0,0.25000000000000067,0.25,6.661338147750939e-16
4,12,0,0.1,concentrated,-1.0,0.25000000000000067,0.24999999999999933,6.661338147750939e-16
4,20,0,0.1,near_uniform,-1.0,0.25000000000000067,0.25,6.661338147750939e-16
4,20,0,0.1,concentrated,-1.0,0.25000000000000067,0.24999999999999933,6.661338147750939e-16
4,1,0,0.3,near_uniform,-1.0,0.25000000000000067,0.25,6.661338147750939e-16
4,1,0,0.3,concentrated,-1.0,0.25000000000000067,0.24999999999999933,6.661338147750939e-16
4,2,0,0.3,near_uniform,-1.0,0.25000000000000067,0.25,6.661338147750939e-16
4,2,0,0.3,concentrated,-1.0,0.25000000000000067,0.24999999999999933,6.661338147750939e-16
4,3,0,0.3,near_uniform,-1.0,0.25000000000000067,0.25,6.661338147750939e-16
4,3,0,0.3,concentrated,-1.0,0.25000000000000067,0.24999999999999933,6.661338147750939e-16
4,4,0,0.3,near_uniform,-1.0,0.25000000000000067,0.25,6.661338147750939e-16
4,4,0,0.3,concentrated,-1.0,0.25000000000000067,0.24999999999999933,6.661338147750939e-16
4,6,0,0.3,near_uniform,-1.0,0.25000000000000067,0.25,6.661338147750939e-16
4,6,0,0.3,concentrated,-1.0,0.25000000000000067,0.24999999999999933,6.661338147750939e-16
4,8,0,0.3,near_uniform,-1.0,0.25000000000000067,0.25,6.661338147750939e-16
4,8,0,0.3,concentrated,-1.0,0.25000000000000067,0.24999999999999933,6.661338147750939e-16
4,12,0,0.3,near_uniform,-1.0,0.25000000000000067,0.25,6.661338147750939e-16
4,12,0,0.3,concentrated,-1.0,0.25000000000000067,0.24999999999999933,6.661338147750939e-16
4,20,0,0.3,near_uniform,-1.0,0.25000000000000067,0.25,6.661338147750939e-16
4,20,0,0.3,concentrated,-1.0,0.25000000000000067,0.24999999999999933,6.661338147750939e-16
4,1,0.5,0,near_uniform,-0.875,0.25000000000000205,0.25,1.7763568394002505e-15
4,1,0.5,0,concentrated,-0.875,0.25000000000000205,0.25,1.7763568394002505e-15
4,2,0.5,0,near_uniform,-0.75,0.25000000000000205,0.25,1.5543122344752192e-15
4,2,0.5,0,concentrated,-0.75,0.25000000000000205,0.25,1.5543122344752192e-15
4,3,0.5,0,near_uniform,-0.625,0.25000000000000205,0.24999999999999933,1.3877787807814457e-15
4,3,0.5,0,concentrated,-0.625,0.25000000000000344,0.24999999999999864,1.8318679906315083e-15
4,4,0.5,0,near_uniform,-0.5,0.25000000000000344,0.24999999999999864,1.3877787807814457e-15
4,4,0.5,0,concentrated,-0.5,0.25000000000000344,0.24999999999999864,1.3877787807814457e-15
4,6,0.5,0,near_uniform,-0.25,0.2500000000000076,0.24999999999999864,1.3877787807814457e-15
4,6,0.5,0,concentrated,-0.25,0.2500000000000076,0.24999999999999864,1.3877787807814457e-15
4,8,0.5,0,near_uniform,0.0,0.2513871622277773,0.2500028109055972,2.440968892514217e-06
4,8,0.5,0,concentrated,0.0,0.9237834942713872,0.8553122628700804,3.3306690738754696e-15
4,12,0.5,0,near_uniform,0.5,0.9921435762471584,0.984369450353229,2.220446049250313e-15
4,12,0.5,0,concentrated,0.5,0.9921435762471584,0.984369450353229,2.220446049250313e-15
4,20,0.5,0,near_uniform,1.5,0.9998635708457235,0.9997271665086659,5.329070518200751e-15
4,20,0.5,0,concentrated,1.5,0.9998635708457235,0.9997271665086659,5.329070518200751e-15
4,1,0.5,0.1,near_uniform,-0.8875,0.25000000000000205,0.25,1.7763568394002505e-15
4,1,0.5,0.1,concentrated,-0.8875,0.25000000000000205,0.25,1.7763568394002505e-15
4,2,0.5,0.1,near_uniform,-0.775,0.25000000000000205,0.25,1.609823385706477e-15
4,2,0.5,0.1,concentrated,-0.775,0.25000000000000205,0.25,1.609823385706477e-15
4,3,0.5,0.1,near_uniform,-0.6625,0.25000000000000205,0.24999999999999933,1.4432899320127035e-15
4,3,0.5,0.1,concentrated,-0.6625,0.25000000000000205,0.25,1.3322676295501878e-15
4,4,0.5,0.1,near_uniform,-0.55,0.25000000000000344,0.24999999999999864,1.5543122344752192e-15
4,4,0.5,0.1,concentrated,-0.55,0.25000000000000344,0.24999999999999864,1.5543122344752192e-15
4,6,0.5,0.1,near_uniform,-0.32499999999999996,0.2500000000000062,0.24999999999999933,1.7763568394002505e-15
4,6,0.5,0.1,concentrated,-0.32499999999999996,0.25000000000000483,0.24999999999999933,1.3322676295501878e-15
4,8,0.5,0.1,near_uniform,-0.09999999999999998,0.2500000000000424,0.24999999999999864,3.858025010572419e-15
4,8,0.5,0.1,concentrated,-0.09999999999999998,0.802519861276437,0.6570375961399112,2.886579864025407e-15
4,12,0.5,0.1,near_uniform,0.3500000000000001,0.9116301964522919,0.8336726891433309,5.773159728050814e-15
4,12,0.5,0.1,concentrated,0.3500000000000001,0.9116301964522919,0.8336726891433309,5.773159728050814e-15
4,20,0.5,0.1,near_uniform,1.25,0.924665428210921,0.8568979200307004,2.55351295663786e-15
4,20,0.5,0.1,concentrated,1.25,0.924665428210921,0.8568979200307004,2.55351295663786e-15
4,1,0.5,0.3,near_uniform,-0.9125,0.25000000000000067,0.24999999999999933,6.106226635438361e-16
4,1,0.5,0.3,concentrated,-0.9125,0.25000000000000067,0.24999999999999933,6.106226635438361e-16
4,2,0.5,0.3,near_uniform,-0.825,0.25000000000000205,0.25,1.7208456881689926e-15
4,2,0.5,0.3,concentrated,-0.825,0.25000000000000205,0.25,1.7208456881689926e-15
4,3,0.5,0.3,near_uniform,-0.7375,0.25000000000000205,0.24999999999999933,1.5543122344752192e-15
4,3,0.5,0.3,concentrated,-0.7375,0.25000000000000205,0.25,1.4988010832439613e-15
4,4,0.5,0.3,near_uniform,-0.65,0.25000000000000205,0.24999999999999933,1.4432899320127035e-15
4,4,0.5,0.3,concentrated,-0.65,0.25000000000000205,0.25,1.3877787807814457e-15
4,6,0.5,0.3,near_uniform,-0.4750000000000001,0.25000000000000344,0.24999999999999864,1.27675647831893e-15
4,6,0.5,0.3,concentrated,-0.4750000000000001,0.25000000000000344,0.24999999999999864,1.27675647831893e-15
4,8,0.5,0.3,near_uniform,-0.30000000000000004,0.2500000000000062,0.24999999999999933,1.6653345369377348e-15
4,8,0.5,0.3,concentrated,-0.30000000000000004,0.25000000000000755,0.2499999999999986,1.7763568394002505e-15
4,12,0.5,0.3,near_uniform,0.04999999999999982,0.7337890911642408,0.5620691796393619,5.995204332975845e-15
4,12,0.5,0.3,concentrated,0.04999999999999982,0.7337890911642518,0.5620691796393774,2.1094237467877974e-15
4,20,0.5,0.3,near_uniform,0.75,0.7730398443525875,0.6147609050405052,2.55351295663786e-15
4,20,0.5,0.3,concentrated,0.75,0.773039844352593,0.6147609050405128,2.4424906541753444e-15
4,1,1,0,near_uniform,-0.75,0.25000000000000205,0.25,1.5543122344752192e-15
4,1,1,0,concentrated,-0.75,0.25000000000000205,0.25,1.5543122344752192e-15
4,2,1,0,near_uniform,-0.5,0.25000000000000344,0.24999999999999864,1.3877787807814457e-15
4,2,1,0,concentrated,-0.5,0.25000000000000344,0.24999999999999864,1.3877787807814457e-15
4,3,1,0,near_uniform,-0.25,0.2500000000000076,0.24999999999999864,1.3877787807814457e-15
4,3,1,0,concentrated,-0.25,0.2500000000000076,0.24999999999999864,1.3877787807814457e-15
4,4,1,0,near_uniform,0.0,0.2513871622277773,0.2500028109055972,2.440968892514217e-06
4,4,1,0,concentrated,0.0,0.9237834942713872,0.8553122628700804,3.3306690738754696e-15
4,6,1,0,near_uniform,0.5,0.9921435762471584,0.984369450353229,2.220446049250313e-15
4,6,1,0,concentrated,0.5,0.9921435762471584,0.984369450353229,2.220446049250313e-15
4,8,1,0,near_uniform,1.0,0.9989836766977254,0.9979687306128572,6.106226635438361e-15
4,8,1,0,concentrated,1.0,0.9989836766977254,0.9979687306128572,6.106226635438361e-15
4,12,1,0,near_uniform,2.0,0.9999815622643924,0.9999631249820515,4.3298697960381105e-15
4,12,1,0,concentrated,2.0,0.9999815622643924,0.9999631249820515,4.3298697960381105e-15
4,20,1,0,near_uniform,4.0,0.9999999938165325,0.999999987633065,5.773159728050814e-15
4,20,1,0,concentrated,4.0,0.9999999938165325,0.999999987633065,5.773159728050814e-15
4,1,1,0.1,near_uniform,-0.775,0.25000000000000205,0.25,1.609823385706477e-15
4,1,1,0.1,concentrated,-0.775,0.25000000000000205,0.25,1.609823385706477e-15
4,2,1,0.1,near_uniform,-0.55,0.25000000000000344,0.24999999999999864,1.5543122344752192e-15
4,2,1,0.1,concentrated,-0.55,0.25000000000000344,0.24999999999999864,1.5543122344752192e-15
4,3,1,0.1,near_uniform,-0.32499999999999996,0.2500000000000062,0.24999999999999933,1.7763568394002505e-15
4,3,1,0.1,concentrated,-0.32499999999999996,0.25000000000000483,0.24999999999999933,1.3322676295501878e-15
4,4,1,0.1,near_uniform,-0.09999999999999998,0.2500000000000424,0.24999999999999864,3.858025010572419e-15
4,4,1,0.1,concentrated,-0.09999999999999998,0.802519861276437,0.6570375961399112,2.886579864025407e-15
4,6,1,0.1,near_uniform,0.3500000000000001,0.9116301964522919,0.8336726891433309,5.773159728050814e-15
4,6,1,0.1,concentrated,0.3500000000000001,0.9116301964522919,0.8336726891433309,5.773159728050814e-15
4,8,1,0.1,near_uniform,0.8,0.9229442342147252,0.8538052564837904,2.55351295663786e-15
4,8,1,0.1,concentrated,0.8,0.9229442342147252,0.8538052564837904,2.55351295663786e-15
4,12,1,0.1,near_uniform,1.7000000000000002,0.9249448761174415,0.8574007810629178,2.886579864025407e-15
4,12,1,0.1,concentrated,1.7000000000000002,0.9249448761174415,0.8574007810629178,2.886579864025407e-15
4,20,1,0.1,near_uniform,3.5,0.9249999588790101,0.8574999259822204,1.6653345369377348e-15
4,20,1,0.1,concentrated,3.5,0.9249999588790101,0.8574999259822204,1.6653345369377348e-15
4,1,1,0.3,near_uniform,-0.825,0.25000000000000205,0.25,1.7208456881689926e-15
4,1,1,0.3,concentrated,-0.825,0.25000000000000205,0.25,1.7208456881689926e-15
4,2,1,0.3,near_uniform,-0.65,0.25000000000000205,0.24999999999999933,1.4432899320127035e-15
4,2,1,0.3,concentrated,-0.65,0.25000000000000205,0.25,1.3877787807814457e-15
4,3,1,0.3,near_uniform,-0.4750000000000001,0.25000000000000344,0.24999999999999864,1.27675647831893e-15
4,3,1,0.3,concentrated,-0.4750000000000001,0.25000000000000344,0.24999999999999864,1.27675647831893e-15
4,4,1,0.3,near_uniform,-0.30000000000000004,0.2500000000000062,0.24999999999999933,1.6653345369377348e-15
4,4,1,0.3,concentrated,-0.30000000000000004,0.25000000000000755,0.2499999999999986,1.7763568394002505e-15
4,6,1,0.3,near_uniform,0.04999999999999982,0.7337890911642408,0.5620691796393619,5.995204332975845e-15
4,6,1,0.3,concentrated,0.04999999999999982,0.7337890911642518,0.5620691796393774,2.1094237467877974e-15
4,8,1,0.3,near_uniform,0.3999999999999999,0.7666092059659423,0.6058467622516814,3.4416913763379853e-15
4,8,1,0.3,concentrated,0.3999999999999999,0.7666092059659477,0.6058467622516894,1.5543122344752192e-15
4,12,1,0.3,near_uniform,1.0999999999999996,0.7745244954492102,0.6168345951016644,3.885780586188048e-15
4,12,1,0.3,concentrated,1.0999999999999996,0.7745244954492156,0.6168345951016725,1.5543122344752192e-15
4,20,1,0.3,near_uniform,2.5,0.7749982537127241,0.6174975552018797,3.1086244689504383e-15
4,20,1,0.3,concentrated,2.5,0.7749982537127296,0.6174975552018878,2.3314683517128287e-15
8,1,0,0,near_uniform,-1.0,0.12500000000000033,0.125,3.3306690738754696e-16
8,1,0,0,concentrated,-1.0,0.12500000000000033,0.1249999999999995,3.3306690738754696e-16
8,2,0,0,near_uniform,-1.0,0.12500000000000033,0.125,3.3306690738754696e-16
8,2,0,0,concentrated,-1.0,0.12500000000000033,0.1249999999999995,3.3306690738754696e-16
8,3,0,0,near_uniform,-1.0,0.12500000000000033,0.125,3.3306690738754696e-16
8,3,0,0,concentrated,-1.0,0.12500000000000033,0.1249999999999995,3.3306690738754696e-16
8,4,0,0,near_uniform,-1.0,0.12500000000000033,0.125,3.3306690738754696e-16
8,4,0,0,concentrated,-1.0,0.12500000000000033,0.1249999999999995,3.3306690738754696e-16
8,6,0,0,near_uniform,-1.0,0.12500000000000033,0.125,3.3306690738754696e-16
8,6,0,0,concentrated,-1.0,0.12500000000000033,0.1249999999999995,3.3306690738754696e-16
8,8,0,0,near_uniform,-1.0,0.12500000000000033,0.125,3.3306690738754696e-16
8,8,0,0,concentrated,-1.0,0.12500000000000033,0.1249999999999995,3.3306690738754696e-16
8,12,0,0,near_uniform,-1.0,0.12500000000000033,0.125,3.3306690738754696e-16
8,12,0,0,concentrated,-1.0,0.12500000000000033,0.1249999999999995,3.3306690738754696e-16
8,20,0,0,near_uniform,-1.0,0.12500000000000033,0.125,3.3306690738754696e-16
8,20,0,0,concentrated,-1.0,0.12500000000000033,0.1249999999999995,3.3306690738754696e-16
8,1,0,0.1,near_uniform,-1.0,0.12500000000000033,0.125,3.3306690738754696e-16
8,1,0,0.1,concentrated,-1.0,0.12500000000000033,0.1249999999999995,3.3306690738754696e-16
8,2,0,0.1,near_uniform,-1.0,0.12500000000000033,0.125,3.3306690738754696e-16
8,2,0,0.1,concentrated,-1.0,0.12500000000000033,0.1249999999999995,3.3306690738754696e-16
8,3,0,0.1,near_uniform,-1.0,0.12500000000000033,0.125,3.3306690738754696e-16
8,3,0,0.1,concentrated,-1.0,0.12500000000000033,0.1249999999999995,3.3306690738754696e-16
8,4,0,0.1,near_uniform,-1.0,0.12500000000000033,0.125,3.3306690738754696e-16
8,4,0,0.1,concentrated,-1.0,0.12500000000000033,0.1249999999999995,3.3306690738754696e-16
8,6,0,0.1,near_uniform,-1.0,0.12500000000000033,0.125,3.3306690738754696e-16
8,6,0,0.1,concentrated,-1.0,0.12500000000000033,0.1249999999999995,3.3306690738754696e-16
8,8,0,0.1,near_uniform,-1.0,0.12500000000000033,0.125,3.3306690738754696e-16
8,8,0,0.1,concentrated,-1.0,0.12500000000000033,0.1249999999999995,3.3306690738754696e-16
8,12,0,0.1,near_uniform,-1.0,0.12500000000000033,0.125,3.3306690738754696e-16
8,12,0,0.1,concentrated,-1.0,0.12500000000000033,0.1249999999999995,3.3306690738754696e-16
8,20,0,0.1,near_uniform,-1.0,0.12500000000000033,0.125,3.3306690738754696e-16
8,20,0,0.1,concentrated,-1.0,0.12500000000000033,0.1249999999999995,3.3306690738754696e-16
8,1,0,0.3,near_uniform,-1.0,0.12500000000000033,0.125,3.3306690738754696e-16
8,1,0,0.3,concentrated,-1.0,0.12500000000000033,0.1249999999999995,3.3306690738754696e-16
8,2,0,0.3,near_uniform,-1.0,0.12500000000000033,0.125,3.3306690738754696e-16
8,2,0,0.3,concentrated,-1.0,0.12500000000000033,0.1249999999999995,3.3306690738754696e-16
8,3,0,0.3,near_uniform,-1.0,0.12500000000000033,0.125,3.3306690738754696e-16
8,3,0,0.3,concentrated,-1.0,0.12500000000000033,0.1249999999999995,3.3306690738754696e-16
8,4,0,0.3,near_uniform,-1.0,0.12500000000000033,0.125,3.3306690738754696e-16
8,4,0,0.3,concentrated,-1.0,0.12500000000000033,0.1249999999999995,3.3306690738754696e-16
8,6,0,0.3,near_uniform,-1.0,0.12500000000000033,0.125,3.3306690738754696e-16
8,6,0,0.3,concentrated,-1.0,0.12500000000000033,0.1249999999999995,3.3306690738754696e-16
8,8,0,0.3,near_uniform,-1.0,0.12500000000000033,0.125,3.3306690738754696e-16
8,8,0,0.3,concentrated,-1.0,0.12500000000000033,0.1249999999999995,3.3306690738754696e-16
8,12,0,0.3,near_uniform,-1.0,0.12500000000000033,0.125,3.3306690738754696e-16
8,12,0,0.3,concentrated,-1.0,0.12500000000000033,0.1249999999999995,3.3306690738754696e-16
8,20,0,0.3,near_uniform,-1.0,0.12500000000000033,0.125,3.3306690738754696e-16
8,20,0,0.3,concentrated,-1.0,0.12500000000000033,0.1249999999999995,3.3306690738754696e-16
8,1,0.5,0,near_uniform,-0.9375,0.12500000000000033,0.1249999999999995,3.191891195797325e-16
8,1,0.5,0,concentrated,-0.9375,0.12500000000000033,0.1249999999999995,3.191891195797325e-16
8,2,0.5,0,near_uniform,-0.875,0.12500000000000103,0.12499999999999967,8.604228440844963e-16
8,2,0.5,0,concentrated,-0.875,0.12500000000000103,0.12499999999999967,8.604228440844963e-16
8,3,0.5,0,near_uniform,-0.8125,0.12500000000000103,0.12499999999999967,8.049116928532385e-16
8,3,0.5,0,concentrated,-0.8125,0.12500000000000103,0.12499999999999967,8.049116928532385e-16
8,4,0.5,0,near_uniform,-0.75,0.12500000000000103,0.12499999999999967,7.216449660063518e-16
8,4,0.5,0,concentrated,-0.75,0.12500000000000103,0.12499999999999967,7.216449660063518e-16
8,6,0.5,0,near_uniform,-0.625,0.12500000000000103,0.1249999999999995,7.494005416219807e-16
8,6,0.5,0,concentrated,-0.625,0.12500000000000103,0.12499999999999967,5.551115123125783e-16
8,8,0.5,0,near_uniform,-0.5,0.12500000000000172,0.12499999999999967,7.771561172376096e-16
8,8,0.5,0,concentrated,-0.5,0.12500000000000172,0.12499999999999985,8.326672684688674e-16
8,12,0.5,0,near_uniform,-0.25,0.1250000000000045,0.12499999999999917,8.049116928532385e-16
8,12,0.5,0,concentrated,-0.25,0.9805599113170547,0.9615517278318242,3.3306690738754696e-15
8,20,0.5,0,near_uniform,0.25,0.9996811419913618,0.9993624001775001,3.4416913763379853e-15
8,20,0.5,0,concentrated,0.25,0.9996811419913618,0.9993624001775001,3.4416913763379853e-15
8,1,0.5,0.1,near_uniform,-0.94375,0.12500000000000033,0.1249999999999995,3.191891195797325e-16
8,1,0.5,0.1,concentrated,-0.94375,0.12500000000000033,0.1249999999999995,3.191891195797325e-16
8,2,0.5,0.1,near_uniform,-0.8875,0.12500000000000103,0.12499999999999967,8.604228440844963e-16
8,2,0.5,0.1,concentrated,-0.8875,0.12500000000000103,0.12499999999999967,8.604228440844963e-16
8,3,0.5,0.1,near_uniform,-0.83125,0.12500000000000103,0.12499999999999967,8.326672684688674e-16
8,3,0.5,0.1,concentrated,-0.83125,0.12500000000000103,0.12499999999999967,8.326672684688674e-16
8,4,0.5,0.1,near_uniform,-0.775,0.12500000000000103,0.12499999999999967,7.494005416219807e-16
8,4,0.5,0.1,concentrated,-0.775,0.12500000000000103,0.12499999999999967,7.494005416219807e-16
8,6,0.5,0.1,near_uniform,-0.6625,0.12500000000000103,0.1249999999999995,7.771561172376096e-16
8,6,0.5,0.1,concentrated,-0.6625,0.12500000000000103,0.12499999999999967,5.828670879282072e-16
8,8,0.5,0.1,near_uniform,-0.55,0.12500000000000172,0.12499999999999967,8.604228440844963e-16
8,8,0.5,0.1,concentrated,-0.55,0.12500000000000172,0.12499999999999985,9.159339953157541e-16
8,12,0.5,0.1,near_uniform,-0.32499999999999996,0.1250000000000031,0.124999999999999,6.800116025829084e-16
8,12,0.5,0.1,concentrated,-0.32499999999999996,0.8777917975949864,0.7726519891729039,2.1094237467877974e-15
8,20,0.5,0.1,near_uniform,0.125,0.9117162057276271,0.8323398724051129,2.1094237467877974e-15
8,20,0.5,0.1,concentrated,0.125,0.9117162057276271,0.8323398724051129,2.1094237467877974e-15
8,1,0.5,0.3,near_uniform,-0.95625,0.12500000000000033,0.1249999999999995,3.3306690738754696e-16
8,1,0.5,0.3,concentrated,-0.95625,0.12500000000000033,0.1249999999999995,3.3306690738754696e-16
8,2,0.5,0.3,near_uniform,-0.9125,0.125000000000001,0.12499999999999967,8.881784197001252e-16
8,2,0.5,0.3,concentrated,-0.9125,0.125000000000001,0.12499999999999967,8.881784197001252e-16
8,3,0.5,0.3,near_uniform,-0.86875,0.12500000000000103,0.12499999999999967,8.881784197001252e-16
8,3,0.5,0.3,concentrated,-0.86875,0.12500000000000103,0.12499999999999967,8.881784197001252e-16
8,4,0.5,0.3,near_uniform,-0.825,0.12500000000000103,0.12499999999999967,8.326672684688674e-16
8,4,0.5,0.3,concentrated,-0.825,0.12500000000000103,0.12499999999999967,8.326672684688674e-16
8,6,0.5,0.3,near_uniform,-0.7375,0.12500000000000103,0.12499999999999967,6.938893903907228e-16
8,6,0.5,0.3,concentrated,-0.7375,0.12500000000000103,0.12499999999999967,6.938893903907228e-16
8,8,0.5,0.3,near_uniform,-0.65,0.12500000000000103,0.1249999999999995,7.494005416219807e-16
8,8,0.5,0.3,concentrated,-0.65,0.12500000000000103,0.12499999999999967,6.38378239159465e-16
8,12,0.5,0.3,near_uniform,-0.4750000000000001,0.12500000000000172,0.12499999999999967,7.494005416219807e-16
8,12,0.5,0.3,concentrated,-0.4750000000000001,0.12500000000000172,0.12499999999999985,7.771561172376096e-16
8,20,0.5,0.3,near_uniform,-0.125,0.12500000000001005,0.12499999999999915,9.159339953157541e-16
8,20,0.5,0.3,concentrated,-0.125,0.7328176922866768,0.547219825207659,6.661338147750939e-16
8,1,1,0,near_uniform,-0.875,0.12500000000000103,0.12499999999999967,8.604228440844963e-16
8,1,1,0,concentrated,-0.875,0.12500000000000103,0.12499999999999967,8.604228440844963e-16
8,2,1,0,near_uniform,-0.75,0.12500000000000103,0.12499999999999967,7.216449660063518e-16
8,2,1,0,concentrated,-0.75,0.12500000000000103,0.12499999999999967,7.216449660063518e-16
8,3,1,0,near_uniform,-0.625,0.12500000000000103,0.1249999999999995,7.494005416219807e-16
8,3,1,0,concentrated,-0.625,0.12500000000000103,0.12499999999999967,5.551115123125783e-16
8,4,1,0,near_uniform,-0.5,0.12500000000000172,0.12499999999999967,7.771561172376096e-16
8,4,1,0,concentrated,-0.5,0.12500000000000172,0.12499999999999985,8.326672684688674e-16
8,6,1,0,near_uniform,-0.25,0.1250000000000045,0.12499999999999917,8.049116928532385e-16
8,6,1,0,concentrated,-0.25,0.9805599113170547,0.9615517278318242,3.3306690738754696e-15
8,8,1,0,near_uniform,0.0,0.12994811905665946,0.12502809883425034,8.445972072299024e-05
8,8,1,0,concentrated,0.0,0.9976055337318621,0.9952176199993918,5.440092820663267e-15
8,12,1,0,near_uniform,0.5,0.9999569669751649,0.9999139360667196,3.219646771412954e-15
8,12,1,0,concentrated,0.5,0.9999569669751649,0.9999139360667196,3.219646771412954e-15
8,20,1,0,near_uniform,1.5,0.9999999855719164,0.999999971143833,3.3306690738754696e-15
8,20,1,0,concentrated,1.5,0.9999999855719164,0.999999971143833,3.3306690738754696e-15
8,1,1,0.1,near_uniform,-0.8875,0.12500000000000103,0.12499999999999967,8.604228440844963e-16
8,1,1,0.1,concentrated,-0.8875,0.12500000000000103,0.12499999999999967,8.604228440844963e-16
8,2,1,0.1,near_uniform,-0.775,0.12500000000000103,0.12499999999999967,7.494005416219807e-16
8,2,1,0.1,concentrated,-0.775,0.12500000000000103,0.12499999999999967,7.494005416219807e-16
8,3,1,0.1,near_uniform,-0.6625,0.12500000000000103,0.1249999999999995,7.771561172376096e-16
8,3,1,0.1,concentrated,-0.6625,0.12500000000000103,0.12499999999999967,5.828670879282072e-16
8,4,1,0.1,near_uniform,-0.55,0.12500000000000172,0.12499999999999967,8.604228440844963e-16
8,4,1,0.1,concentrated,-0.55,0.12500000000000172,0.12499999999999985,9.159339953157541e-16
8,6,1,0.1,near_uniform,-0.32499999999999996,0.1250000000000031,0.124999999999999,6.800116025829084e-16
8,6,1,0.1,concentrated,-0.32499999999999996,0.8777917975949864,0.7726519891729039,2.1094237467877974e-15
8,8,1,0.1,near_uniform,-0.09999999999999998,0.12500000000004025,0.12499999999999908,3.774758283725532e-15
8,8,1,0.1,concentrated,-0.09999999999999998,0.9076081009728474,0.8249719310952303,3.4416913763379853e-15
8,12,1,0.1,near_uniform,0.3500000000000001,0.9123712744612009,0.8335183129676068,1.1102230246251565e-15
8,12,1,0.1,concentrated,0.3500000000000001,0.9123712744612009,0.8335183129676068,1.1102230246251565e-15
8,20,1,0.1,near_uniform,1.25,0.912499904050925,0.8337498272916751,1.7763568394002505e-15
8,20,1,0.1,concentrated,1.25,0.912499904050925,0.8337498272916751,1.7763568394002505e-15
8,1,1,0.3,near_uniform,-0.9125,0.125000000000001,0.12499999999999967,8.881784197001252e-16
8,1,1,0.3,concentrated,-0.9125,0.125000000000001,0.12499999999999967,8.881784197001252e-16
8,2,1,0.3,near_uniform,-0.825,0.12500000000000103,0.12499999999999967,8.326672684688674e-16
8,2,1,0.3,concentrated,-0.825,0.12500000000000103,0.12499999999999967,8.326672684688674e-16
8,3,1,0.3,near_uniform,-0.7375,0.12500000000000103,0.12499999999999967,6.938893903907228e-16
8,3,1,0.3,concentrated,-0.7375,0.12500000000000103,0.12499999999999967,6.938893903907228e-16
8,4,1,0.3,near_uniform,-0.65,0.12500000000000103,0.1249999999999995,7.494005416219807e-16
8,4,1,0.3,concentrated,-0.65,0.12500000000000103,0.12499999999999967,6.38378239159465e-16
8,6,1,0.3,near_uniform,-0.4750000000000001,0.12500000000000172,0.12499999999999967,7.494005416219807e-16
8,6,1,0.3,concentrated,-0.4750000000000001,0.12500000000000172,0.12499999999999985,7.771561172376096e-16
8,8,1,0.3,near_uniform,-0.30000000000000004,0.1250000000000038,0.12499999999999917,8.326672684688674e-16
8,8,1,0.3,concentrated,-0.30000000000000004,0.7161458140607223,0.5243752839788732,4.3298697960381105e-15
8,12,1,0.3,near_uniform,0.04999999999999982,0.7363829254397514,0.5521875217363071,2.1094237467877974e-15
8,12,1,0.3,concentrated,0.04999999999999982,0.7363829254397568,0.5521875217363144,3.3306690738754696e-15
8,20,1,0.3,near_uniform,0.75,0.737495925153483,0.5537442952338526,6.661338147750939e-16
8,20,1,0.3,concentrated,0.75,0.7374959251534884,0.5537442952338606,4.773959005888173e-15
