regime,seed,policy,offered,completed,completion_coverage,correct_checks_per_offer,defect_detection_fraction,accuracy_among_completed,attention_hhi,largest_attention_share,minimum_group_coverage,unresolved_offers,repair_backlog,labor,mean_queue_age,coverage_0,coverage_1,coverage_2,coverage_3,coverage_4,coverage_5,count_correct_checks,count_incorrect_checks,count_defects_offered,count_defects_detected,count_false_alarms,count_audit_detected_defects,count_audited,count_repair_completed,count_audit_missed_capacity,count_refused_capacity,count_invitations,count_checks,count_intake_labor,count_check_labor,count_audit_labor,count_repair_labor,count_blind_periods
light_load,1,prestige,113,113,1.0,0.9292035398230089,0.875,0.9292035398230089,0.23141984493695672,0.37168141592920356,1.0,0,5,1793,0,1.0,1.0,1.0,1.0,1.0,1.0,105,8,16,14,6,0,27,15,1,1,114,113,228,1130,135,300,4
light_load,1,bounded,113,113,1.0,0.9292035398230089,0.875,0.9292035398230089,0.23141984493695672,0.37168141592920356,1.0,0,5,1798,0,1.0,1.0,1.0,1.0,1.0,1.0,105,8,16,14,6,0,28,15,0,1,114,113,228,1130,140,300,4
light_load,1,uniform,113,113,1.0,0.9292035398230089,0.875,0.9292035398230089,0.23141984493695672,0.37168141592920356,1.0,0,6,1778,0,1.0,1.0,1.0,1.0,1.0,1.0,105,8,16,14,6,0,28,14,0,1,114,113,228,1130,140,280,4
light_load,2,prestige,112,112,1.0,0.9375,0.8,0.9375,0.2461734693877551,0.38392857142857145,1.0,0,5,1772,0,1.0,1.0,1.0,1.0,1.0,1.0,105,7,20,15,2,1,32,13,1,4,116,112,232,1120,160,260,4
light_load,2,bounded,112,111,0.9910714285714286,0.9375,0.95,0.9459459459459459,0.24957389822254686,0.38738738738738737,0.8571428571428571,1,7,1831,1.0,1.0,1.0,0.8571428571428571,1.0,1.0,1.0,105,6,20,18,4,1,33,16,2,7,118,111,236,1110,165,320,4
light_load,2,uniform,112,111,0.9910714285714286,0.9375,0.95,0.9459459459459459,0.24957389822254686,0.38738738738738737,0.8571428571428571,1,7,1821,1.0,1.0,1.0,0.8571428571428571,1.0,1.0,1.0,105,6,20,18,4,1,31,16,4,7,118,111,236,1110,155,320,4
light_load,3,prestige,124,124,1.0,0.8870967741935484,0.9565217391304348,0.8870967741935484,0.279786680541103,0.4596774193548387,1.0,0,6,2217,0,1.0,1.0,1.0,1.0,1.0,1.0,110,14,23,21,12,1,33,28,2,2,126,124,252,1240,165,560,4
light_load,3,bounded,124,124,1.0,0.8790322580645161,0.9130434782608695,0.8790322580645161,0.279786680541103,0.4596774193548387,1.0,0,9,2098,0,1.0,1.0,1.0,1.0,1.0,1.0,109,15,23,19,11,2,28,23,0,5,129,124,258,1240,140,460,4
light_load,3,uniform,124,124,1.0,0.8790322580645161,0.9130434782608695,0.8790322580645161,0.279786680541103,0.4596774193548387,1.0,0,9,2098,0,1.0,1.0,1.0,1.0,1.0,1.0,109,15,23,19,11,2,28,23,0,5,129,124,258,1240,140,460,4
light_load,4,prestige,109,109,1.0,0.9174311926605505,0.8823529411764706,0.9174311926605505,0.260836629913307,0.44036697247706424,1.0,0,4,1834,0,1.0,1.0,1.0,1.0,1.0,1.0,100,9,17,15,7,0,32,18,1,3,112,109,224,1090,160,360,6
light_load,4,bounded,109,109,1.0,0.9174311926605505,0.8823529411764706,0.9174311926605505,0.260836629913307,0.44036697247706424,1.0,0,4,1834,0,1.0,1.0,1.0,1.0,1.0,1.0,100,9,17,15,7,0,32,18,1,3,112,109,224,1090,160,360,6
light_load,4,uniform,109,109,1.0,0.908256880733945,0.8823529411764706,0.908256880733945,0.260836629913307,0.44036697247706424,1.0,0,3,1874,0,1.0,1.0,1.0,1.0,1.0,1.0,99,10,17,15,8,0,32,20,1,3,112,109,224,1090,160,400,6
light_load,5,prestige,146,146,1.0,0.9246575342465754,0.8888888888888888,0.9246575342465754,0.23447175830362166,0.3972602739726027,1.0,0,8,2412,0,1.0,1.0,1.0,1.0,1.0,1.0,135,11,27,24,8,0,32,24,2,10,156,146,312,1460,160,480,3
light_load,5,bounded,146,146,1.0,0.9178082191780822,0.9259259259259259,0.9178082191780822,0.23447175830362166,0.3972602739726027,1.0,0,7,2532,0,1.0,1.0,1.0,1.0,1.0,1.0,134,12,27,25,10,0,42,28,1,5,151,146,302,1460,210,560,3
light_load,5,uniform,146,146,1.0,0.9041095890410958,0.8888888888888888,0.9041095890410958,0.23447175830362166,0.3972602739726027,1.0,0,7,2532,0,1.0,1.0,1.0,1.0,1.0,1.0,132,14,27,24,11,0,42,28,1,5,151,146,302,1460,210,560,3
light_load,6,prestige,113,113,1.0,0.9469026548672567,0.8695652173913043,0.9469026548672567,0.21325084188268464,0.336283185840708,1.0,0,6,1867,0,1.0,1.0,1.0,1.0,1.0,1.0,107,6,23,20,3,0,33,17,0,3,116,113,232,1130,165,340,2
light_load,6,bounded,113,113,1.0,0.9380530973451328,0.8695652173913043,0.9380530973451328,0.21325084188268464,0.336283185840708,1.0,0,8,1856,0,1.0,1.0,1.0,1.0,1.0,1.0,106,7,23,20,4,0,34,16,0,5,118,113,236,1130,170,320,2
light_load,6,uniform,113,113,1.0,0.9380530973451328,0.8695652173913043,0.9380530973451328,0.21325084188268464,0.336283185840708,1.0,0,8,1856,0,1.0,1.0,1.0,1.0,1.0,1.0,106,7,23,20,4,0,34,16,0,5,118,113,236,1130,170,320,2
light_load,7,prestige,136,136,1.0,0.9264705882352942,0.8888888888888888,0.9264705882352942,0.2481617647058824,0.40441176470588236,1.0,0,6,2160,0,1.0,1.0,1.0,1.0,1.0,1.0,126,10,18,16,8,0,32,18,2,4,140,136,280,1360,160,360,5
light_load,7,bounded,136,136,1.0,0.9117647058823529,0.8888888888888888,0.9117647058823529,0.2481617647058824,0.40441176470588236,1.0,0,6,2228,0,1.0,1.0,1.0,1.0,1.0,1.0,124,12,18,16,10,0,38,20,1,3,139,136,278,1360,190,400,5
light_load,7,uniform,136,136,1.0,0.9044117647058824,0.8888888888888888,0.9044117647058824,0.2481617647058824,0.40441176470588236,1.0,0,5,2266,0,1.0,1.0,1.0,1.0,1.0,1.0,123,13,18,16,11,0,38,22,1,2,138,136,276,1360,190,440,5
light_load,8,prestige,125,125,1.0,0.92,0.9444444444444444,0.92,0.25286400000000003,0.4,1.0,0,5,2093,0,1.0,1.0,1.0,1.0,1.0,1.0,115,10,18,17,9,0,33,21,3,4,129,125,258,1250,165,420,2
light_load,8,bounded,125,125,1.0,0.92,0.9444444444444444,0.92,0.25286400000000003,0.4,1.0,0,5,2104,0,1.0,1.0,1.0,1.0,1.0,1.0,115,10,18,17,9,0,34,21,2,7,132,125,264,1250,170,420,2
light_load,8,uniform,125,125,1.0,0.912,0.9444444444444444,0.912,0.25286400000000003,0.4,1.0,0,6,2072,0,1.0,1.0,1.0,1.0,1.0,1.0,114,11,18,15,8,2,38,19,0,1,126,125,252,1250,190,380,2
default,1,prestige,347,346,0.9971181556195965,0.9164265129682997,0.896551724137931,0.9190751445086706,0.2587624043569781,0.430635838150289,0.9933333333333333,1,17,5797,1.0,0.9933333333333333,1.0,1.0,1.0,1.0,1.0,318,28,58,50,20,2,79,55,20,76,421,346,842,3460,395,1100,1
default,1,bounded,347,346,0.9971181556195965,0.9193083573487032,0.9137931034482759,0.9219653179190751,0.2587624043569781,0.430635838150289,0.9933333333333333,1,16,5949,1.0,0.9933333333333333,1.0,1.0,1.0,1.0,1.0,319,27,58,53,22,0,87,59,13,94,437,346,874,3460,435,1180,1
default,1,uniform,347,346,0.9971181556195965,0.9077809798270894,0.896551724137931,0.9104046242774566,0.2587624043569781,0.430635838150289,0.9933333333333333,1,19,6009,1.0,0.9933333333333333,1.0,1.0,1.0,1.0,1.0,315,31,58,52,25,0,87,58,13,149,477,346,954,3460,435,1160,1
default,2,prestige,354,354,1.0,0.9265536723163842,0.873015873015873,0.9265536723163842,0.22330747869386192,0.3728813559322034,1.0,0,15,5977,0,1.0,1.0,1.0,1.0,1.0,1.0,328,26,63,52,15,3,91,55,17,88,441,354,882,3540,455,1100,5
default,2,bounded,354,353,0.9971751412429378,0.9124293785310734,0.9365079365079365,0.9150141643059491,0.22405283727499614,0.37393767705382436,0.9696969696969697,1,19,6210,1.0,1.0,1.0,0.9696969696969697,1.0,1.0,1.0,323,30,63,56,23,3,92,63,11,127,480,353,960,3530,460,1260,5
default,2,uniform,354,354,1.0,0.884180790960452,0.8095238095238095,0.884180790960452,0.22330747869386192,0.3728813559322034,1.0,0,16,6186,0,1.0,1.0,1.0,1.0,1.0,1.0,313,41,63,48,26,3,96,61,12,119,473,354,946,3540,480,1220,5
default,3,prestige,388,386,0.9948453608247423,0.8969072164948454,0.8769230769230769,0.9015544041450777,0.2321941528631641,0.3860103626943005,0.9871794871794872,2,17,6703,1.0,0.9933333333333333,0.9871794871794872,1.0,1.0,1.0,1.0,348,38,65,54,27,3,83,67,28,166,544,386,1088,3860,415,1340,6
default,3,bounded,388,385,0.9922680412371134,0.8994845360824743,0.9076923076923077,0.9064935064935065,0.23045370214201383,0.38181818181818183,0.98,3,20,6550,1.0,0.98,1.0,1.0,1.0,1.0,1.0,349,36,65,52,23,7,86,62,19,141,515,385,1030,3850,430,1240,6
default,3,uniform,388,386,0.9948453608247423,0.8762886597938144,0.9076923076923077,0.8808290155440415,0.23124110714381593,0.38341968911917096,0.9866666666666667,2,20,6848,1.0,0.9866666666666667,1.0,1.0,1.0,1.0,1.0,340,46,65,53,34,6,86,73,21,179,549,386,1098,3860,430,1460,6
default,4,prestige,349,349,1.0,0.9226361031518625,0.9,0.9226361031518625,0.2422229702547598,0.40114613180515757,1.0,0,17,5763,0,1.0,1.0,1.0,1.0,1.0,1.0,322,27,50,42,19,3,103,47,16,60,409,349,818,3490,515,940,1
default,4,bounded,349,349,1.0,0.9169054441260746,0.9,0.9169054441260746,0.2422229702547598,0.40114613180515757,1.0,0,15,5950,0,1.0,1.0,1.0,1.0,1.0,1.0,320,29,50,42,21,3,108,51,12,103,450,349,900,3490,540,1020,1
default,4,uniform,349,348,0.997134670487106,0.9255014326647565,0.88,0.9281609195402298,0.2431133571145462,0.40229885057471265,0.967741935483871,1,16,5785,1.0,1.0,1.0,0.967741935483871,1.0,1.0,1.0,323,25,50,44,19,0,107,47,21,67,415,348,830,3480,535,940,1
default,5,prestige,371,370,0.9973045822102425,0.9245283018867925,0.9076923076923077,0.927027027027027,0.22214755295836378,0.36486486486486486,0.9767441860465116,1,16,6316,1.0,1.0,1.0,1.0,0.9767441860465116,1.0,1.0,343,27,65,57,20,2,76,63,19,118,488,370,976,3700,380,1260,5
default,5,bounded,371,368,0.9919137466307277,0.889487870619946,0.9076923076923077,0.8967391304347826,0.22185137051039702,0.36684782608695654,0.961038961038961,3,24,6407,1.3333333333333333,1.0,0.961038961038961,1.0,1.0,1.0,1.0,330,38,65,57,30,2,89,65,16,130,491,368,982,3680,445,1300,5
default,5,uniform,371,369,0.9946091644204852,0.9056603773584906,0.9230769230769231,0.9105691056910569,0.22004098089761384,0.3604336043360434,0.9851851851851852,2,24,6410,2.0,0.9851851851851852,1.0,1.0,1.0,1.0,1.0,336,33,65,60,29,0,92,65,18,120,480,369,960,3690,460,1300,5
default,6,prestige,353,351,0.9943342776203966,0.9206798866855525,0.864406779661017,0.9259259259259259,0.2555417569662584,0.42450142450142453,0.972972972972973,2,17,5808,1.0,0.9933333333333333,1.0,1.0,1.0,0.972972972972973,1.0,325,26,59,48,15,3,96,49,22,69,419,351,838,3510,480,980,5
default,6,bounded,353,351,0.9943342776203966,0.9121813031161473,0.9152542372881356,0.9173789173789174,0.25567162604199645,0.42450142450142453,0.9655172413793104,2,19,5946,1.0,0.9933333333333333,1.0,1.0,1.0,1.0,0.9655172413793104,322,29,59,53,23,1,80,58,18,93,438,351,876,3510,400,1160,5
default,6,uniform,353,352,0.9971671388101983,0.9178470254957507,0.9152542372881356,0.9204545454545454,0.2566341683884298,0.42613636363636365,0.9655172413793104,1,24,5973,1.0,1.0,1.0,1.0,1.0,1.0,0.9655172413793104,324,28,59,52,21,2,99,51,18,128,469,352,938,3520,495,1020,5
default,7,prestige,364,364,1.0,0.8928571428571429,0.8769230769230769,0.8928571428571429,0.24219599082236448,0.4065934065934066,1.0,0,24,6374,0,1.0,1.0,1.0,1.0,1.0,1.0,325,39,65,57,31,0,82,64,14,163,522,364,1044,3640,410,1280,2
default,7,bounded,364,364,1.0,0.8983516483516484,0.8769230769230769,0.8983516483516484,0.24219599082236448,0.4065934065934066,1.0,0,20,6397,0,1.0,1.0,1.0,1.0,1.0,1.0,327,37,65,55,27,2,83,64,13,184,531,364,1062,3640,415,1280,2
default,7,uniform,364,363,0.9972527472527473,0.9010989010989011,0.9076923076923077,0.9035812672176309,0.24129347570369358,0.4049586776859504,0.9932432432432432,1,19,6469,1.0,0.9932432432432432,1.0,1.0,1.0,1.0,1.0,328,35,65,56,27,3,89,67,15,180,527,363,1054,3630,445,1340,2
default,8,prestige,353,352,0.9971671388101983,0.9121813031161473,0.9038461538461539,0.9147727272727273,0.2533412964876033,0.42329545454545453,0.9933333333333333,1,16,5958,1.0,0.9933333333333333,1.0,1.0,1.0,1.0,1.0,322,30,52,46,24,1,94,55,20,83,434,352,868,3520,470,1100,7
default,8,bounded,353,351,0.9943342776203966,0.9008498583569405,0.8076923076923077,0.905982905982906,0.2542105989399437,0.42450142450142453,0.9722222222222222,2,11,6024,1.0,0.9933333333333333,1.0,1.0,1.0,1.0,0.9722222222222222,318,33,52,41,22,1,102,53,15,121,472,351,944,3510,510,1060,7
default,8,uniform,353,350,0.9915014164305949,0.8838526912181303,0.8076923076923077,0.8914285714285715,0.2532408163265306,0.4228571428571429,0.9722222222222222,3,13,5953,1.0,0.9866666666666667,1.0,1.0,1.0,1.0,0.9722222222222222,312,38,52,38,24,4,97,53,22,104,454,350,908,3500,485,1060,7
overload,1,prestige,686,511,0.7448979591836735,0.6618075801749271,0.6153846153846154,0.8884540117416829,0.30606883398884044,0.49510763209393344,0.5285714285714286,175,31,10380,14.651428571428571,0.9267399267399268,0.697841726618705,0.5909090909090909,0.5285714285714286,0.6417910447761194,0.5915492957746479,454,57,117,68,40,4,118,81,41,7339,1530,511,3060,5110,590,1620,5
overload,1,bounded,686,505,0.7361516034985423,0.6618075801749271,0.6239316239316239,0.899009900990099,0.2001803744730909,0.3089108910891089,0.5714285714285714,181,18,10420,15.027624309392266,0.5714285714285714,0.7985611510791367,0.9393939393939394,1.0,0.8507462686567164,0.6901408450704225,454,51,117,71,39,2,104,94,41,8076,1485,505,2970,5050,520,1880,5
overload,1,uniform,686,514,0.749271137026239,0.6807580174927114,0.6410256410256411,0.9085603112840467,0.18752744174779332,0.28793774319066145,0.5421245421245421,172,22,10369,17.156976744186046,0.5421245421245421,0.7122302158273381,0.9848484848484849,1.0,1.0,0.9154929577464789,467,47,117,70,36,5,105,89,32,7631,1462,514,2924,5140,525,1780,5
overload,2,prestige,676,515,0.7618343195266272,0.7011834319526628,0.7377049180327869,0.920388349514563,0.31293807144876984,0.5087378640776699,0.5625,161,33,10378,14.279503105590063,0.9424460431654677,0.6439393939393939,0.6956521739130435,0.6417910447761194,0.6212121212121212,0.5625,474,41,122,88,29,2,98,86,53,6584,1509,515,3018,5150,490,1720,2
overload,2,bounded,676,508,0.7514792899408284,0.6878698224852071,0.6639344262295082,0.9153543307086615,0.21393917787835576,0.3464566929133858,0.6330935251798561,168,23,10377,12.452380952380953,0.6330935251798561,0.8106060606060606,0.927536231884058,0.8507462686567164,0.8484848484848485,0.75,465,43,122,76,29,5,111,87,38,6828,1501,508,3002,5080,555,1740,2
overload,2,uniform,676,501,0.7411242603550295,0.6775147928994083,0.6229508196721312,0.9141716566866267,0.1818120246532882,0.25149700598802394,0.45323741007194246,175,16,10375,20.0,0.45323741007194246,0.8409090909090909,0.9855072463768116,1.0,1.0,0.984375,458,43,122,75,34,1,113,94,42,7421,1460,501,2920,5010,565,1880,2
overload,3,prestige,684,523,0.7646198830409356,0.6754385964912281,0.672566371681416,0.8833652007648184,0.2938079691732869,0.4837476099426386,0.5714285714285714,161,33,10386,13.900621118012422,0.9405204460966543,0.6453900709219859,0.7183098591549296,0.6231884057971014,0.703125,0.5714285714285714,462,61,113,73,40,3,94,83,44,6674,1513,523,3026,5230,470,1660,6
overload,3,bounded,684,498,0.7280701754385965,0.6578947368421053,0.7345132743362832,0.9036144578313253,0.19928710827244717,0.3152610441767068,0.5836431226765799,186,22,10397,14.53225806451613,0.5836431226765799,0.7163120567375887,1.0,0.782608695652174,0.921875,0.8,450,48,113,78,36,5,99,97,30,7510,1491,498,2982,4980,495,1940,6
overload,3,uniform,684,505,0.7383040935672515,0.6652046783625731,0.6460176991150443,0.900990099009901,0.18139790216645427,0.2495049504950495,0.4684014869888476,179,17,10373,18.731843575418996,0.4684014869888476,0.7943262411347518,0.9859154929577465,0.9565217391304348,1.0,0.9571428571428572,455,50,113,70,37,3,101,93,28,7079,1479,505,2958,5050,505,1860,6
overload,4,prestige,692,516,0.7456647398843931,0.6893063583815029,0.6915887850467289,0.9244186046511628,0.2982092422330388,0.4883720930232558,0.5555555555555556,176,27,10372,14.738636363636363,0.9163636363636364,0.6666666666666666,0.6388888888888888,0.5882352941176471,0.6865671641791045,0.5555555555555556,477,39,107,72,33,2,116,80,49,7616,1516,516,3032,5160,580,1600,2
overload,4,bounded,692,525,0.7586705202312138,0.6979768786127167,0.6261682242990654,0.92,0.2193233560090703,0.36,0.6764705882352942,167,20,10356,12.8562874251497,0.6872727272727273,0.7536231884057971,0.9861111111111112,0.6764705882352942,0.9850746268656716,0.6805555555555556,483,42,107,63,33,4,122,80,47,7477,1448,525,2896,5250,610,1600,2
overload,4,uniform,692,518,0.7485549132947977,0.6907514450867052,0.5794392523364486,0.9227799227799228,0.18205602182436156,0.25868725868725867,0.48727272727272725,174,7,10402,18.660919540229884,0.48727272727272725,0.7971014492753623,1.0,1.0,0.9701492537313433,0.9583333333333334,478,40,107,59,30,3,110,85,54,7318,1486,518,2972,5180,550,1700,2
overload,5,prestige,686,514,0.749271137026239,0.6865889212827988,0.7086614173228346,0.9163424124513618,0.30330512195491227,0.49221789883268485,0.44776119402985076,172,31,10432,14.895348837209303,0.9301470588235294,0.6737588652482269,0.6865671641791045,0.5942028985507246,0.7,0.44776119402985076,471,43,127,87,32,3,108,91,31,7362,1466,514,2932,5140,540,1820,4
overload,5,bounded,686,493,0.7186588921282799,0.6559766763848397,0.6377952755905512,0.9127789046653144,0.20774000304465357,0.3367139959432049,0.5970149253731343,193,15,10405,15.295336787564766,0.6102941176470589,0.6666666666666666,1.0,0.8260869565217391,0.9857142857142858,0.5970149253731343,450,43,127,78,34,3,113,100,40,7912,1455,493,2910,4930,565,2000,4
overload,5,uniform,686,508,0.7405247813411079,0.673469387755102,0.6141732283464567,0.9094488188976378,0.18055986111972225,0.25,0.46691176470588236,178,15,10395,19.646067415730336,0.46691176470588236,0.7801418439716312,1.0,1.0,0.9857142857142858,0.9850746268656716,462,46,127,73,34,5,109,97,38,7697,1415,508,2830,5080,545,1940,4
overload,6,prestige,671,530,0.789865871833085,0.713859910581222,0.6206896551724138,0.9037735849056604,0.31096475614097546,0.5075471698113208,0.6212121212121212,141,31,10418,13.964539007092199,0.9781818181818182,0.6589147286821705,0.6212121212121212,0.6923076923076923,0.6714285714285714,0.6515151515151515,479,51,116,71,32,1,114,73,47,5781,1544,530,3088,5300,570,1460,6
overload,6,bounded,671,520,0.7749627421758569,0.7108792846497765,0.6293103448275862,0.9173076923076923,0.2068047337278106,0.3346153846153846,0.6327272727272727,151,21,10413,13.006622516556291,0.6327272727272727,0.7984496124031008,0.9696969696969697,0.7230769230769231,0.9857142857142858,0.9545454545454546,477,43,116,71,33,2,107,85,35,6110,1489,520,2978,5200,535,1700,6
overload,6,uniform,671,514,0.7660208643815202,0.7049180327868853,0.6120689655172413,0.9202334630350194,0.18445396599494318,0.2509727626459144,0.4690909090909091,157,14,10293,20.318471337579616,0.4690909090909091,0.937984496124031,0.9848484848484849,0.9692307692307692,1.0,1.0,473,41,116,69,26,2,123,83,37,6262,1439,514,2878,5140,615,1660,6
overload,7,prestige,686,518,0.7551020408163265,0.6982507288629738,0.826530612244898,0.9247104247104247,0.3056752284551512,0.4980694980694981,0.5652173913043478,168,34,10417,15.285714285714286,0.9555555555555556,0.6546762589928058,0.6714285714285714,0.5915492957746479,0.6119402985074627,0.5652173913043478,479,39,98,78,31,3,109,78,38,7049,1566,518,3132,5180,545,1560,2
overload,7,bounded,686,518,0.7551020408163265,0.6924198250728864,0.7040816326530612,0.916988416988417,0.20516986926253333,0.3166023166023166,0.6074074074074074,168,23,10439,13.744047619047619,0.6074074074074074,0.8489208633093526,0.9714285714285714,0.7887323943661971,0.9850746268656716,0.6666666666666666,475,43,98,68,34,1,119,80,40,7221,1532,518,3064,5180,595,1600,2
overload,7,uniform,686,523,0.7623906705539358,0.685131195335277,0.5918367346938775,0.8986615678776291,0.18203919876868635,0.25239005736137665,0.4888888888888889,163,17,10413,18.25153374233129,0.4888888888888889,0.8345323741007195,1.0,0.9859154929577465,1.0,0.9855072463768116,470,53,98,57,38,1,113,79,47,6823,1519,523,3038,5230,565,1580,2
overload,8,prestige,670,524,0.7820895522388059,0.7149253731343284,0.7047619047619048,0.9141221374045801,0.29309189441174766,0.48282442748091603,0.5606060606060606,146,28,10441,12.917808219178083,0.9656488549618321,0.6666666666666666,0.7432432432432432,0.5606060606060606,0.6363636363636364,0.7014925373134329,479,45,105,72,34,2,105,80,53,5971,1538,524,3076,5240,525,1600,4
overload,8,bounded,670,511,0.7626865671641792,0.6940298507462687,0.6,0.9099804305283757,0.20236212330681938,0.30919765166340507,0.6030534351145038,159,16,10428,12.968553459119496,0.6030534351145038,0.8666666666666667,0.9594594594594594,0.7424242424242424,0.8333333333333334,0.9104477611940298,465,46,105,62,38,1,116,85,46,6308,1519,511,3038,5110,580,1700,4
overload,8,uniform,670,524,0.7820895522388059,0.7179104477611941,0.6,0.9179389312977099,0.18749635802109435,0.25572519083969464,0.5114503816793893,146,16,10364,18.006849315068493,0.5114503816793893,0.9407407407407408,1.0,0.9090909090909091,0.9848484848484849,0.9552238805970149,481,43,105,57,29,6,124,76,40,5666,1492,524,2984,5240,620,1520,4
strong_feedback,1,prestige,347,346,0.9971181556195965,0.9135446685878963,0.9482758620689655,0.9161849710982659,0.2587624043569781,0.430635838150289,0.9933333333333333,1,22,5936,1.0,0.9933333333333333,1.0,1.0,1.0,1.0,1.0,317,29,58,54,25,1,84,58,16,104,448,346,896,3460,420,1160,1
strong_feedback,1,bounded,347,346,0.9971181556195965,0.9250720461095101,0.896551724137931,0.9277456647398844,0.2587624043569781,0.430635838150289,0.9933333333333333,1,16,5855,1.0,0.9933333333333333,1.0,1.0,1.0,1.0,1.0,321,25,58,52,19,0,83,55,17,95,440,346,880,3460,415,1100,1
strong_feedback,1,uniform,347,346,0.9971181556195965,0.9077809798270894,0.896551724137931,0.9104046242774566,0.2587624043569781,0.430635838150289,0.9933333333333333,1,19,6009,1.0,0.9933333333333333,1.0,1.0,1.0,1.0,1.0,315,31,58,52,25,0,87,58,13,149,477,346,954,3460,435,1160,1
strong_feedback,2,prestige,354,354,1.0,0.8954802259887006,0.8253968253968254,0.8954802259887006,0.22330747869386192,0.3728813559322034,1.0,0,15,6151,0,1.0,1.0,1.0,1.0,1.0,1.0,317,37,63,49,23,3,91,60,17,126,478,354,956,3540,455,1200,5
strong_feedback,2,bounded,354,354,1.0,0.9209039548022598,0.873015873015873,0.9209039548022598,0.22330747869386192,0.3728813559322034,1.0,0,14,6050,0,1.0,1.0,1.0,1.0,1.0,1.0,326,28,63,51,16,4,88,57,20,116,465,354,930,3540,440,1140,5
strong_feedback,2,uniform,354,354,1.0,0.884180790960452,0.8095238095238095,0.884180790960452,0.22330747869386192,0.3728813559322034,1.0,0,16,6186,0,1.0,1.0,1.0,1.0,1.0,1.0,313,41,63,48,26,3,96,61,12,119,473,354,946,3540,480,1220,5
strong_feedback,3,prestige,388,387,0.9974226804123711,0.8891752577319587,0.9076923076923077,0.8914728682170543,0.23203066055058125,0.3850129198966408,0.9933333333333333,1,19,6918,1.0,0.9933333333333333,1.0,1.0,1.0,1.0,1.0,345,42,65,52,29,7,96,69,12,228,594,387,1188,3870,480,1380,6
strong_feedback,3,bounded,388,385,0.9922680412371134,0.8969072164948454,0.8461538461538461,0.9038961038961039,0.23280148423005564,0.38701298701298703,0.9777777777777777,3,19,6662,1.0,0.9933333333333333,0.9871794871794872,1.0,1.0,0.9777777777777777,1.0,348,37,65,55,27,0,90,63,21,175,551,385,1102,3850,450,1260,6
strong_feedback,3,uniform,388,386,0.9948453608247423,0.8762886597938144,0.9076923076923077,0.8808290155440415,0.23124110714381593,0.38341968911917096,0.9866666666666667,2,20,6848,1.0,0.9866666666666667,1.0,1.0,1.0,1.0,1.0,340,46,65,53,34,6,86,73,21,179,549,386,1098,3860,430,1460,6
strong_feedback,4,prestige,349,348,0.997134670487106,0.9169054441260746,0.96,0.9195402298850575,0.24303078345884532,0.40229885057471265,0.9722222222222222,1,19,5942,1.0,1.0,1.0,1.0,1.0,0.9722222222222222,1.0,320,28,50,45,24,3,108,53,21,83,431,348,862,3480,540,1060,1
strong_feedback,4,bounded,349,348,0.997134670487106,0.9054441260744985,0.92,0.9080459770114943,0.24293169507200427,0.40229885057471265,0.9761904761904762,1,17,5931,1.0,1.0,1.0,1.0,0.9761904761904762,1.0,1.0,316,32,50,44,26,2,101,55,17,77,423,348,846,3480,505,1100,1
strong_feedback,4,uniform,349,348,0.997134670487106,0.9255014326647565,0.88,0.9281609195402298,0.2431133571145462,0.40229885057471265,0.967741935483871,1,16,5785,1.0,1.0,1.0,0.967741935483871,1.0,1.0,1.0,323,25,50,44,19,0,107,47,21,67,415,348,830,3480,535,940,1
strong_feedback,5,prestige,371,368,0.9919137466307277,0.8921832884097035,0.8769230769230769,0.8994565217391305,0.22335775047258985,0.36684782608695654,0.9302325581395349,3,25,6409,2.3333333333333335,1.0,1.0,1.0,0.9302325581395349,1.0,1.0,331,37,65,57,30,0,93,62,14,152,512,368,1024,3680,465,1240,5
strong_feedback,5,bounded,371,368,0.9919137466307277,0.8840970350404312,0.8307692307692308,0.8913043478260869,0.22282608695652178,0.36684782608695654,0.9534883720930233,3,20,6339,1.3333333333333333,1.0,0.987012987012987,1.0,0.9534883720930233,1.0,1.0,328,40,65,52,28,2,87,62,19,127,492,368,984,3680,435,1240,5
strong_feedback,5,uniform,371,369,0.9946091644204852,0.9056603773584906,0.9230769230769231,0.9105691056910569,0.22004098089761384,0.3604336043360434,0.9851851851851852,2,24,6410,2.0,0.9851851851851852,1.0,1.0,1.0,1.0,1.0,336,33,65,60,29,0,92,65,18,120,480,369,960,3690,460,1300,5
strong_feedback,6,prestige,353,350,0.9915014164305949,0.8980169971671388,0.9152542372881356,0.9057142857142857,0.2547102040816327,0.4228571428571429,0.9655172413793104,3,20,6002,1.0,0.9866666666666667,1.0,1.0,1.0,1.0,0.9655172413793104,317,33,59,51,25,3,88,59,11,91,441,350,882,3500,440,1180,5
strong_feedback,6,bounded,353,352,0.9971671388101983,0.9376770538243626,0.9661016949152542,0.9403409090909091,0.2566341683884298,0.42613636363636365,0.9655172413793104,1,20,6037,1.0,1.0,1.0,1.0,1.0,1.0,0.9655172413793104,331,21,59,54,16,3,103,53,16,120,471,352,942,3520,515,1060,5
strong_feedback,6,uniform,353,352,0.9971671388101983,0.9178470254957507,0.9152542372881356,0.9204545454545454,0.2566341683884298,0.42613636363636365,0.9655172413793104,1,24,5973,1.0,1.0,1.0,1.0,1.0,1.0,0.9655172413793104,324,28,59,52,21,2,99,51,18,128,469,352,938,3520,495,1020,5
strong_feedback,7,prestige,364,363,0.9972527472527473,0.8928571428571429,0.8769230769230769,0.8953168044077136,0.24287199568942625,0.40771349862258954,0.9772727272727273,1,26,6244,1.0,1.0,1.0,1.0,0.9772727272727273,1.0,1.0,325,38,65,57,30,0,80,61,18,135,497,363,994,3630,400,1220,2
strong_feedback,7,bounded,364,363,0.9972527472527473,0.8901098901098901,0.9076923076923077,0.8925619834710744,0.24288717376621208,0.40771349862258954,0.9767441860465116,1,24,6377,1.0,1.0,1.0,1.0,1.0,1.0,0.9767441860465116,324,39,65,57,31,2,77,66,18,162,521,363,1042,3630,385,1320,2
strong_feedback,7,uniform,364,363,0.9972527472527473,0.9010989010989011,0.9076923076923077,0.9035812672176309,0.24129347570369358,0.4049586776859504,0.9932432432432432,1,19,6469,1.0,0.9932432432432432,1.0,1.0,1.0,1.0,1.0,328,35,65,56,27,3,89,67,15,180,527,363,1054,3630,445,1340,2
strong_feedback,8,prestige,353,352,0.9971671388101983,0.9121813031161473,0.9230769230769231,0.9147727272727273,0.255181430785124,0.42613636363636365,0.9722222222222222,1,13,6056,1.0,1.0,1.0,1.0,1.0,1.0,0.9722222222222222,322,30,52,46,24,2,92,59,19,96,448,352,896,3520,460,1180,7
strong_feedback,8,bounded,353,350,0.9915014164305949,0.9036827195467422,0.9230769230769231,0.9114285714285715,0.2532408163265306,0.4228571428571429,0.9722222222222222,3,15,6005,1.3333333333333333,0.9866666666666667,1.0,1.0,1.0,1.0,0.9722222222222222,319,31,52,45,24,3,97,57,20,91,440,350,880,3500,485,1140,7
strong_feedback,8,uniform,353,350,0.9915014164305949,0.8838526912181303,0.8076923076923077,0.8914285714285715,0.2532408163265306,0.4228571428571429,0.9722222222222222,3,13,5953,1.0,0.9866666666666667,1.0,1.0,1.0,1.0,0.9722222222222222,312,38,52,38,24,4,97,53,22,104,454,350,908,3500,485,1060,7
high_exploration,1,prestige,347,346,0.9971181556195965,0.9164265129682997,0.8793103448275862,0.9190751445086706,0.2587624043569781,0.430635838150289,0.9933333333333333,1,17,5829,1.0,0.9933333333333333,1.0,1.0,1.0,1.0,1.0,318,28,58,51,21,0,81,55,19,88,432,346,864,3460,405,1100,1
high_exploration,1,bounded,347,346,0.9971181556195965,0.9193083573487032,0.9310344827586207,0.9219653179190751,0.2587624043569781,0.430635838150289,0.9933333333333333,1,16,6038,1.0,0.9933333333333333,1.0,1.0,1.0,1.0,1.0,319,27,58,54,23,0,80,61,19,151,479,346,958,3460,400,1220,1
high_exploration,1,uniform,347,346,0.9971181556195965,0.9077809798270894,0.896551724137931,0.9104046242774566,0.2587624043569781,0.430635838150289,0.9933333333333333,1,19,6009,1.0,0.9933333333333333,1.0,1.0,1.0,1.0,1.0,315,31,58,52,25,0,87,58,13,149,477,346,954,3460,435,1160,1
high_exploration,2,prestige,354,354,1.0,0.9096045197740112,0.9206349206349206,0.9096045197740112,0.22330747869386192,0.3728813559322034,1.0,0,20,6197,0,1.0,1.0,1.0,1.0,1.0,1.0,322,32,63,55,24,3,91,62,16,128,481,354,962,3540,455,1240,5
high_exploration,2,bounded,354,354,1.0,0.8757062146892656,0.7777777777777778,0.8757062146892656,0.22330747869386192,0.3728813559322034,1.0,0,17,6276,0,1.0,1.0,1.0,1.0,1.0,1.0,310,44,63,47,28,2,102,60,12,159,513,354,1026,3540,510,1200,5
high_exploration,2,uniform,354,354,1.0,0.884180790960452,0.8095238095238095,0.884180790960452,0.22330747869386192,0.3728813559322034,1.0,0,16,6186,0,1.0,1.0,1.0,1.0,1.0,1.0,313,41,63,48,26,3,96,61,12,119,473,354,946,3540,480,1220,5
high_exploration,3,prestige,388,386,0.9948453608247423,0.8969072164948454,0.8461538461538461,0.9015544041450777,0.23124110714381593,0.38341968911917096,0.9866666666666667,2,20,6500,1.0,0.9866666666666667,1.0,1.0,1.0,1.0,1.0,348,38,65,53,26,2,88,61,19,105,490,386,980,3860,440,1220,6
high_exploration,3,bounded,388,385,0.9922680412371134,0.8969072164948454,0.9076923076923077,0.9038961038961039,0.23045370214201383,0.38181818181818183,0.98,3,21,6724,1.0,0.98,1.0,1.0,1.0,1.0,1.0,348,37,65,56,28,3,100,66,12,146,527,385,1054,3850,500,1320,6
high_exploration,3,uniform,388,386,0.9948453608247423,0.8762886597938144,0.9076923076923077,0.8808290155440415,0.23124110714381593,0.38341968911917096,0.9866666666666667,2,20,6848,1.0,0.9866666666666667,1.0,1.0,1.0,1.0,1.0,340,46,65,53,34,6,86,73,21,179,549,386,1098,3860,430,1460,6
high_exploration,4,prestige,349,349,1.0,0.9054441260744985,0.92,0.9054441260744985,0.2422229702547598,0.40114613180515757,1.0,0,18,6008,0,1.0,1.0,1.0,1.0,1.0,1.0,316,33,50,43,26,3,112,54,17,90,439,349,878,3490,560,1080,1
high_exploration,4,bounded,349,348,0.997134670487106,0.9083094555873925,0.96,0.9109195402298851,0.24293169507200427,0.40229885057471265,0.9761904761904762,1,14,6114,1.0,1.0,1.0,1.0,0.9761904761904762,1.0,1.0,317,31,50,44,25,4,112,59,16,101,447,348,894,3480,560,1180,1
high_exploration,4,uniform,349,348,0.997134670487106,0.9255014326647565,0.88,0.9281609195402298,0.2431133571145462,0.40229885057471265,0.967741935483871,1,16,5785,1.0,1.0,1.0,0.967741935483871,1.0,1.0,1.0,323,25,50,44,19,0,107,47,21,67,415,348,830,3480,535,940,1
high_exploration,5,prestige,371,368,0.9919137466307277,0.9029649595687331,0.8769230769230769,0.9103260869565217,0.22284085538752368,0.36684782608695654,0.975609756097561,3,18,6292,1.3333333333333333,1.0,0.987012987012987,1.0,0.9767441860465116,0.975609756097561,1.0,335,33,65,55,23,2,86,62,18,106,471,368,942,3680,430,1240,5
high_exploration,5,bounded,371,367,0.9892183288409704,0.8975741239892183,0.8769230769230769,0.9073569482288828,0.22204485889716308,0.3651226158038147,0.9534883720930233,4,21,6334,1.25,0.9925925925925926,0.987012987012987,1.0,0.9534883720930233,1.0,1.0,333,34,65,56,27,1,90,63,15,114,477,367,954,3670,450,1260,5
high_exploration,5,uniform,371,369,0.9946091644204852,0.9056603773584906,0.9230769230769231,0.9105691056910569,0.22004098089761384,0.3604336043360434,0.9851851851851852,2,24,6410,2.0,0.9851851851851852,1.0,1.0,1.0,1.0,1.0,336,33,65,60,29,0,92,65,18,120,480,369,960,3690,460,1300,5
high_exploration,6,prestige,353,352,0.9971671388101983,0.9320113314447592,0.9491525423728814,0.9346590909090909,0.2565050361570248,0.42613636363636365,0.972972972972973,1,22,5898,1.0,1.0,1.0,1.0,1.0,0.972972972972973,1.0,329,23,59,54,18,2,94,52,19,86,434,352,868,3520,470,1040,5
high_exploration,6,bounded,353,351,0.9943342776203966,0.9121813031161473,0.8983050847457628,0.9173789173789174,0.2537235899059261,0.42165242165242167,0.9866666666666667,2,17,6083,1.5,0.9866666666666667,1.0,1.0,1.0,1.0,1.0,322,29,59,53,23,0,85,59,15,140,484,351,968,3510,425,1180,5
high_exploration,6,uniform,353,352,0.9971671388101983,0.9178470254957507,0.9152542372881356,0.9204545454545454,0.2566341683884298,0.42613636363636365,0.9655172413793104,1,24,5973,1.0,1.0,1.0,1.0,1.0,1.0,0.9655172413793104,324,28,59,52,21,2,99,51,18,128,469,352,938,3520,495,1020,5
high_exploration,7,prestige,364,364,1.0,0.8956043956043956,0.8307692307692308,0.8956043956043956,0.24219599082236448,0.4065934065934066,1.0,0,21,6172,0,1.0,1.0,1.0,1.0,1.0,1.0,326,38,65,51,24,3,80,57,15,139,496,364,992,3640,400,1140,2
high_exploration,7,bounded,364,364,1.0,0.9010989010989011,0.9076923076923077,0.9010989010989011,0.24219599082236448,0.4065934065934066,1.0,0,19,6437,0,1.0,1.0,1.0,1.0,1.0,1.0,328,36,65,56,27,3,77,67,19,180,536,364,1072,3640,385,1340,2
high_exploration,7,uniform,364,363,0.9972527472527473,0.9010989010989011,0.9076923076923077,0.9035812672176309,0.24129347570369358,0.4049586776859504,0.9932432432432432,1,19,6469,1.0,0.9932432432432432,1.0,1.0,1.0,1.0,1.0,328,35,65,56,27,3,89,67,15,180,527,363,1054,3630,445,1340,2
high_exploration,8,prestige,353,351,0.9943342776203966,0.9150141643059491,0.8461538461538461,0.9202279202279202,0.2523761982451441,0.42165242165242167,0.9866666666666667,2,11,5868,1.0,0.9866666666666667,1.0,1.0,1.0,1.0,1.0,323,28,52,41,17,3,92,50,13,99,449,351,898,3510,460,1000,7
high_exploration,8,bounded,353,351,0.9943342776203966,0.8895184135977338,0.8076923076923077,0.8945868945868946,0.2523761982451441,0.42165242165242167,0.9866666666666667,2,16,5879,1.0,0.9866666666666667,1.0,1.0,1.0,1.0,1.0,314,37,52,37,22,5,99,48,13,108,457,351,914,3510,495,960,7
high_exploration,8,uniform,353,350,0.9915014164305949,0.8838526912181303,0.8076923076923077,0.8914285714285715,0.2532408163265306,0.4228571428571429,0.9722222222222222,3,13,5953,1.0,0.9866666666666667,1.0,1.0,1.0,1.0,0.9722222222222222,312,38,52,38,24,4,97,53,22,104,454,350,908,3500,485,1060,7
expensive_repair,1,prestige,347,346,0.9971181556195965,0.9048991354466859,0.9137931034482759,0.9075144508670521,0.2587624043569781,0.430635838150289,0.9933333333333333,1,40,6315,1.0,0.9933333333333333,1.0,1.0,1.0,1.0,1.0,314,32,58,52,26,1,81,39,18,111,445,346,890,3460,405,1560,1
expensive_repair,1,bounded,347,346,0.9971181556195965,0.9048991354466859,0.8793103448275862,0.9075144508670521,0.2587624043569781,0.430635838150289,0.9933333333333333,1,35,6385,1.0,0.9933333333333333,1.0,1.0,1.0,1.0,1.0,314,32,58,50,24,1,79,40,21,138,465,346,930,3460,395,1600,1
expensive_repair,1,uniform,347,346,0.9971181556195965,0.9048991354466859,0.9137931034482759,0.9075144508670521,0.2587624043569781,0.430635838150289,0.9933333333333333,1,41,6261,1.0,0.9933333333333333,1.0,1.0,1.0,1.0,1.0,314,32,58,52,26,1,75,38,25,118,453,346,906,3460,375,1520,1
expensive_repair,2,prestige,354,354,1.0,0.9180790960451978,0.873015873015873,0.9180790960451978,0.22330747869386192,0.3728813559322034,1.0,0,34,6416,0,1.0,1.0,1.0,1.0,1.0,1.0,325,29,63,52,18,3,82,39,24,116,453,354,906,3540,410,1560,5
expensive_repair,2,bounded,354,352,0.9943502824858758,0.8728813559322034,0.8888888888888888,0.8778409090909091,0.22409284607438015,0.375,0.9767441860465116,2,45,6621,1.0,1.0,0.9850746268656716,1.0,1.0,1.0,0.9767441860465116,309,43,63,53,33,3,85,44,28,122,458,352,916,3520,425,1760,5
expensive_repair,2,uniform,354,353,0.9971751412429378,0.884180790960452,0.8888888888888888,0.886685552407932,0.2224638669759006,0.37110481586402266,0.9924242424242424,1,44,6659,2.0,0.9924242424242424,1.0,1.0,1.0,1.0,1.0,313,40,63,56,33,0,85,45,30,114,452,353,904,3530,425,1800,5
expensive_repair,3,prestige,388,383,0.9871134020618557,0.8917525773195877,0.8769230769230769,0.9033942558746736,0.23278500773745814,0.38642297650130547,0.9487179487179487,5,34,7267,2.2,0.9866666666666667,0.9871794871794872,1.0,1.0,1.0,0.9487179487179487,346,37,65,53,25,4,85,48,27,234,546,383,1092,3830,425,1920,6
expensive_repair,3,bounded,388,381,0.9819587628865979,0.8917525773195877,0.8923076923076924,0.9081364829396326,0.23060601676758913,0.38320209973753283,0.9733333333333334,7,34,7250,1.5714285714285714,0.9733333333333334,0.9743589743589743,1.0,0.9761904761904762,1.0,1.0,346,35,65,55,25,3,80,49,30,216,540,381,1080,3810,400,1960,6
expensive_repair,3,uniform,388,386,0.9948453608247423,0.904639175257732,0.8769230769230769,0.9093264248704663,0.23124110714381593,0.38341968911917096,0.9866666666666667,2,38,7217,1.0,0.9866666666666667,1.0,1.0,1.0,1.0,1.0,351,35,65,57,27,0,79,46,31,271,561,386,1122,3860,395,1840,6
expensive_repair,4,prestige,349,347,0.994269340974212,0.8997134670487106,0.98,0.9048991354466859,0.24366118811716736,0.4034582132564842,0.9523809523809523,2,41,6396,1.5,1.0,1.0,1.0,0.9523809523809523,1.0,1.0,314,33,50,47,30,2,104,38,24,105,443,347,886,3470,520,1520,1
expensive_repair,4,bounded,349,348,0.997134670487106,0.8968481375358166,0.92,0.8994252873563219,0.24293169507200427,0.40229885057471265,0.9761904761904762,1,36,6327,1.0,1.0,1.0,1.0,0.9761904761904762,1.0,1.0,313,35,50,43,28,3,95,38,33,87,426,348,852,3480,475,1520,1
expensive_repair,4,uniform,349,348,0.997134670487106,0.8939828080229226,0.92,0.896551724137931,0.24314638657682655,0.40229885057471265,0.9655172413793104,1,43,6229,1.0,1.0,1.0,1.0,1.0,1.0,0.9655172413793104,312,36,50,43,29,3,109,32,20,128,462,348,924,3480,545,1280,1
expensive_repair,5,prestige,371,367,0.9892183288409704,0.9110512129380054,0.9230769230769231,0.9209809264305178,0.22399008085292782,0.3678474114441417,0.9069767441860465,4,43,6691,3.0,1.0,1.0,1.0,0.9069767441860465,1.0,1.0,338,29,65,60,25,0,75,42,19,147,483,367,966,3670,375,1680,5
expensive_repair,5,bounded,371,367,0.9892183288409704,0.9029649595687331,0.9230769230769231,0.9128065395095368,0.22399008085292782,0.3678474114441417,0.9069767441860465,4,42,6860,3.0,1.0,1.0,1.0,0.9069767441860465,1.0,1.0,335,32,65,59,27,1,78,45,17,175,500,367,1000,3670,390,1800,5
expensive_repair,5,uniform,371,364,0.9811320754716981,0.8921832884097035,0.8615384615384616,0.9093406593406593,0.21890472165197442,0.35714285714285715,0.9534883720930233,7,37,6847,2.7142857142857144,0.9629629629629629,1.0,1.0,0.9534883720930233,1.0,1.0,331,33,65,56,26,0,79,45,24,193,506,364,1012,3640,395,1800,5
expensive_repair,6,prestige,353,352,0.9971671388101983,0.9178470254957507,0.8305084745762712,0.9204545454545454,0.2565696022727273,0.42613636363636365,0.9696969696969697,1,31,6172,2.0,1.0,1.0,1.0,0.9696969696969697,1.0,1.0,324,28,59,48,17,1,78,35,24,79,431,352,862,3520,390,1400,5
expensive_repair,6,bounded,353,351,0.9943342776203966,0.9150141643059491,0.8983050847457628,0.9202279202279202,0.25750602673679596,0.42735042735042733,0.9655172413793104,2,36,6308,1.0,1.0,1.0,1.0,1.0,0.972972972972973,0.9655172413793104,323,28,59,52,21,1,78,38,21,99,444,351,888,3510,390,1520,5
expensive_repair,6,uniform,353,350,0.9915014164305949,0.9121813031161473,0.8983050847457628,0.92,0.2545795918367347,0.4228571428571429,0.972972972972973,3,34,6287,1.0,0.9866666666666667,1.0,1.0,1.0,0.972972972972973,1.0,322,28,59,50,19,3,73,38,28,109,451,350,902,3500,365,1520,5
expensive_repair,7,prestige,364,364,1.0,0.8846153846153846,0.8769230769230769,0.8846153846153846,0.24219599082236448,0.4065934065934066,1.0,0,43,7032,0,1.0,1.0,1.0,1.0,1.0,1.0,322,42,65,57,34,0,76,48,28,325,546,364,1092,3640,380,1920,2
expensive_repair,7,bounded,364,363,0.9972527472527473,0.8763736263736264,0.8615384615384616,0.8787878787878788,0.24288717376621208,0.40771349862258954,0.9767441860465116,1,38,7211,1.0,1.0,1.0,1.0,1.0,1.0,0.9767441860465116,319,44,65,56,35,0,75,53,30,373,543,363,1086,3630,375,2120,2
expensive_repair,7,uniform,364,364,1.0,0.8873626373626373,0.8307692307692308,0.8873626373626373,0.24219599082236448,0.4065934065934066,1.0,0,40,6785,0,1.0,1.0,1.0,1.0,1.0,1.0,323,41,65,54,30,0,67,44,28,244,525,364,1050,3640,335,1760,2
expensive_repair,8,prestige,353,351,0.9943342776203966,0.8951841359773371,0.8269230769230769,0.9002849002849003,0.2542105989399437,0.42450142450142453,0.9722222222222222,2,35,6155,1.0,0.9933333333333333,1.0,1.0,1.0,1.0,0.9722222222222222,316,35,52,43,26,0,87,34,23,81,425,351,850,3510,435,1360,7
expensive_repair,8,bounded,353,350,0.9915014164305949,0.9065155807365439,0.8653846153846154,0.9142857142857143,0.25456326530612244,0.4257142857142857,0.9722222222222222,3,38,5930,1.3333333333333333,0.9933333333333333,0.9852941176470589,1.0,1.0,1.0,0.9722222222222222,320,30,52,44,22,1,84,29,23,76,425,350,850,3500,420,1160,7
expensive_repair,8,uniform,353,351,0.9943342776203966,0.9150141643059491,0.8461538461538461,0.9202279202279202,0.2523761982451441,0.42165242165242167,0.9866666666666667,2,30,6120,1.0,0.9866666666666667,1.0,1.0,1.0,1.0,1.0,323,28,52,43,19,1,88,33,25,78,425,351,850,3510,440,1320,7
blind_common_cause,1,prestige,347,346,0.9971181556195965,0.8559077809798271,0.5517241379310345,0.8583815028901735,0.2587624043569781,0.430635838150289,0.9933333333333333,1,8,5439,1.0,0.9933333333333333,1.0,1.0,1.0,1.0,1.0,297,49,58,19,10,13,95,34,18,67,412,346,824,3460,475,680,59
blind_common_cause,1,bounded,347,345,0.9942363112391931,0.8472622478386167,0.5,0.8521739130434782,0.25776937618147444,0.4289855072463768,0.9866666666666667,2,8,5475,1.0,0.9866666666666667,1.0,1.0,1.0,1.0,1.0,294,51,58,18,12,11,101,33,10,85,430,345,860,3450,505,660,59
blind_common_cause,1,uniform,347,345,0.9942363112391931,0.8587896253602305,0.46551724137931033,0.863768115942029,0.25776937618147444,0.4289855072463768,0.9866666666666667,2,7,5360,1.0,0.9866666666666667,1.0,1.0,1.0,1.0,1.0,298,47,58,19,9,8,98,29,13,75,420,345,840,3450,490,580,59
blind_common_cause,2,prestige,354,354,1.0,0.8587570621468926,0.42857142857142855,0.8587570621468926,0.22330747869386192,0.3728813559322034,1.0,0,6,5307,0,1.0,1.0,1.0,1.0,1.0,1.0,304,50,63,15,2,12,101,23,14,47,401,354,802,3540,505,460,60
blind_common_cause,2,bounded,354,354,1.0,0.847457627118644,0.3968253968253968,0.847457627118644,0.22330747869386192,0.3728813559322034,1.0,0,6,5334,0,1.0,1.0,1.0,1.0,1.0,1.0,300,54,63,13,4,12,100,23,14,63,417,354,834,3540,500,460,60
blind_common_cause,2,uniform,354,354,1.0,0.8559322033898306,0.42857142857142855,0.8559322033898306,0.22330747869386192,0.3728813559322034,1.0,0,7,5373,0,1.0,1.0,1.0,1.0,1.0,1.0,303,51,63,14,2,13,109,22,7,70,424,354,848,3540,545,440,60
blind_common_cause,3,prestige,388,386,0.9948453608247423,0.845360824742268,0.4307692307692308,0.8497409326424871,0.23271765684984833,0.3860103626943005,0.9743589743589743,2,8,5900,2.0,0.9933333333333333,1.0,1.0,1.0,1.0,0.9743589743589743,328,58,65,17,10,11,96,30,21,94,480,386,960,3860,480,600,54
blind_common_cause,3,bounded,388,385,0.9922680412371134,0.8324742268041238,0.4153846153846154,0.8389610389610389,0.23045370214201383,0.38181818181818183,0.98,3,10,5916,1.3333333333333333,0.98,1.0,1.0,1.0,1.0,1.0,323,62,65,16,13,11,98,30,13,107,488,385,976,3850,490,600,54
blind_common_cause,3,uniform,388,387,0.9974226804123711,0.8402061855670103,0.46153846153846156,0.8423772609819121,0.23203066055058125,0.3850129198966408,0.9933333333333333,1,7,5976,1.0,0.9933333333333333,1.0,1.0,1.0,1.0,1.0,326,61,65,15,11,15,92,34,9,107,483,387,966,3870,460,680,54
blind_common_cause,4,prestige,349,348,0.997134670487106,0.8825214899713467,0.66,0.8850574712643678,0.24131325142026688,0.3994252873563218,0.9928571428571429,1,6,5545,1.0,0.9928571428571429,1.0,1.0,1.0,1.0,1.0,308,40,50,20,10,13,103,37,14,57,405,348,810,3480,515,740,50
blind_common_cause,4,bounded,349,349,1.0,0.8968481375358166,0.66,0.8968481375358166,0.2422229702547598,0.40114613180515757,1.0,0,8,5487,0,1.0,1.0,1.0,1.0,1.0,1.0,313,36,50,22,8,11,103,33,13,64,411,349,822,3490,515,660,50
blind_common_cause,4,uniform,349,349,1.0,0.8882521489971347,0.62,0.8882521489971347,0.2422229702547598,0.40114613180515757,1.0,0,11,5422,0,1.0,1.0,1.0,1.0,1.0,1.0,310,39,50,22,11,9,100,31,14,58,406,349,812,3490,500,620,50
blind_common_cause,5,prestige,371,371,1.0,0.862533692722372,0.5076923076923077,0.862533692722372,0.2215691545397084,0.3638814016172507,1.0,0,14,5565,0,1.0,1.0,1.0,1.0,1.0,1.0,320,51,65,21,7,12,89,26,18,74,445,371,890,3710,445,520,63
blind_common_cause,5,bounded,371,370,0.9973045822102425,0.8571428571428571,0.38461538461538464,0.8594594594594595,0.22080350620891162,0.3621621621621622,0.9925925925925926,1,8,5451,1.0,0.9925925925925926,1.0,1.0,1.0,1.0,1.0,318,52,65,16,4,9,89,21,15,74,443,370,886,3700,445,420,63
blind_common_cause,5,uniform,371,369,0.9946091644204852,0.8598382749326146,0.46153846153846156,0.8644986449864499,0.22004098089761384,0.3604336043360434,0.9851851851851852,2,8,5579,2.0,0.9851851851851852,1.0,1.0,1.0,1.0,1.0,319,50,65,18,4,12,91,26,14,92,457,369,914,3690,455,520,63
blind_common_cause,6,prestige,353,353,1.0,0.8696883852691218,0.423728813559322,0.8696883852691218,0.25563964079641116,0.42492917847025496,1.0,0,9,5116,0,1.0,1.0,1.0,1.0,1.0,1.0,307,46,59,15,2,10,80,18,20,61,413,353,826,3530,400,360,61
blind_common_cause,6,bounded,353,353,1.0,0.8611898016997167,0.4745762711864407,0.8611898016997167,0.25563964079641116,0.42492917847025496,1.0,0,10,5349,0,1.0,1.0,1.0,1.0,1.0,1.0,304,49,59,15,5,13,93,23,16,98,447,353,894,3530,465,460,61
blind_common_cause,6,uniform,353,351,0.9943342776203966,0.8470254957507082,0.4576271186440678,0.8518518518518519,0.2537235899059261,0.42165242165242167,0.9866666666666667,2,6,5411,1.0,0.9866666666666667,1.0,1.0,1.0,1.0,1.0,299,52,59,14,7,13,95,28,8,85,433,351,866,3510,475,560,61
blind_common_cause,7,prestige,364,364,1.0,0.8543956043956044,0.49230769230769234,0.8543956043956044,0.24219599082236448,0.4065934065934066,1.0,0,9,5544,0,1.0,1.0,1.0,1.0,1.0,1.0,311,53,65,19,7,13,86,30,15,74,437,364,874,3640,430,600,52
blind_common_cause,7,bounded,364,363,0.9972527472527473,0.8434065934065934,0.47692307692307695,0.8457300275482094,0.24288717376621208,0.40771349862258954,0.9767441860465116,1,5,5803,1.0,1.0,1.0,1.0,1.0,1.0,0.9767441860465116,307,56,65,21,12,10,93,38,14,114,474,363,948,3630,465,760,52
blind_common_cause,7,uniform,364,363,0.9972527472527473,0.8598901098901099,0.5076923076923077,0.8622589531680441,0.24288717376621208,0.40771349862258954,0.9767441860465116,1,8,5619,1.0,1.0,1.0,1.0,1.0,1.0,0.9767441860465116,313,50,65,22,7,11,83,32,15,105,467,363,934,3630,415,640,52
blind_common_cause,8,prestige,353,352,0.9971671388101983,0.8753541076487252,0.4423076923076923,0.8778409090909091,0.255181430785124,0.42613636363636365,0.9722222222222222,1,4,5274,1.0,1.0,1.0,1.0,1.0,1.0,0.9722222222222222,309,43,52,14,5,9,92,24,16,55,407,352,814,3520,460,480,58
blind_common_cause,8,bounded,353,351,0.9943342776203966,0.8583569405099151,0.5192307692307693,0.8632478632478633,0.2542105989399437,0.42450142450142453,0.9722222222222222,2,8,5401,1.0,0.9933333333333333,1.0,1.0,1.0,1.0,0.9722222222222222,303,48,52,11,7,16,105,26,8,73,423,351,846,3510,525,520,58
blind_common_cause,8,uniform,353,351,0.9943342776203966,0.8753541076487252,0.46153846153846156,0.8803418803418803,0.2523761982451441,0.42165242165242167,0.9866666666666667,2,3,5371,1.0,0.9866666666666667,1.0,1.0,1.0,1.0,1.0,309,42,52,13,3,11,103,24,10,83,433,351,866,3510,515,480,58
biased_verification,1,prestige,347,345,0.9942363112391931,0.9221902017291066,0.9655172413793104,0.927536231884058,0.25776937618147444,0.4289855072463768,0.9866666666666667,2,20,6279,1.0,0.9866666666666667,1.0,1.0,1.0,1.0,1.0,320,25,58,55,23,1,115,59,8,196,537,345,1074,3450,575,1180,1
biased_verification,1,bounded,347,345,0.9942363112391931,0.9048991354466859,0.9310344827586207,0.9101449275362319,0.25776937618147444,0.4289855072463768,0.9866666666666667,2,17,6369,1.0,0.9866666666666667,1.0,1.0,1.0,1.0,1.0,314,31,58,52,26,2,117,63,12,203,537,345,1074,3450,585,1260,1
biased_verification,1,uniform,347,345,0.9942363112391931,0.9077809798270894,0.9310344827586207,0.9130434782608695,0.25776937618147444,0.4289855072463768,0.9866666666666667,2,22,6151,1.0,0.9866666666666667,1.0,1.0,1.0,1.0,1.0,315,30,58,52,25,2,103,57,16,192,523,345,1046,3450,515,1140,1
biased_verification,2,prestige,354,354,1.0,0.9180790960451978,0.9047619047619048,0.9180790960451978,0.22330747869386192,0.3728813559322034,1.0,0,17,6175,0,1.0,1.0,1.0,1.0,1.0,1.0,325,29,63,50,16,7,109,56,5,131,485,354,970,3540,545,1120,5
biased_verification,2,bounded,354,352,0.9943502824858758,0.884180790960452,0.9206349206349206,0.8892045454545454,0.22320506198347104,0.3721590909090909,0.9696969696969697,2,19,6348,2.0,0.9924242424242424,1.0,0.9696969696969697,1.0,1.0,1.0,313,39,63,49,25,9,108,64,11,155,504,352,1008,3520,540,1280,5
biased_verification,2,uniform,354,354,1.0,0.8954802259887006,0.9047619047619048,0.8954802259887006,0.22330747869386192,0.3728813559322034,1.0,0,17,6315,0,1.0,1.0,1.0,1.0,1.0,1.0,317,37,63,52,26,5,101,66,15,121,475,354,950,3540,505,1320,5
biased_verification,3,prestige,388,384,0.9896907216494846,0.8943298969072165,0.9076923076923077,0.9036458333333334,0.2325710720486111,0.3854166666666667,0.9743589743589743,4,19,7048,1.75,0.9866666666666667,1.0,1.0,0.9761904761904762,1.0,0.9743589743589743,347,37,65,54,26,5,114,66,13,293,659,384,1318,3840,570,1320,6
biased_verification,3,bounded,388,384,0.9896907216494846,0.9201030927835051,0.9230769230769231,0.9296875,0.2296685112847222,0.3802083333333333,0.9733333333333334,4,18,6741,1.5,0.9733333333333334,1.0,1.0,1.0,1.0,1.0,357,27,65,57,19,3,97,61,20,226,598,384,1196,3840,485,1220,6
biased_verification,3,uniform,388,384,0.9896907216494846,0.884020618556701,0.9538461538461539,0.8932291666666666,0.2296685112847222,0.3802083333333333,0.9733333333333334,4,24,7031,1.25,0.9733333333333334,1.0,1.0,1.0,1.0,1.0,343,41,65,58,34,4,101,72,24,266,623,384,1246,3840,505,1440,6
biased_verification,4,prestige,349,348,0.997134670487106,0.9054441260744985,0.96,0.9080459770114943,0.24314638657682655,0.40229885057471265,0.9655172413793104,1,19,6158,1.0,1.0,1.0,1.0,1.0,1.0,0.9655172413793104,316,32,50,45,27,3,122,56,8,127,474,348,948,3480,610,1120,1
biased_verification,4,bounded,349,349,1.0,0.9283667621776505,0.96,0.9283667621776505,0.2422229702547598,0.40114613180515757,1.0,0,16,5942,0,1.0,1.0,1.0,1.0,1.0,1.0,324,25,50,44,19,4,108,51,16,104,446,349,892,3490,540,1020,1
biased_verification,4,uniform,349,349,1.0,0.9169054441260746,0.96,0.9169054441260746,0.2422229702547598,0.40114613180515757,1.0,0,21,6031,0,1.0,1.0,1.0,1.0,1.0,1.0,320,29,50,45,24,3,109,51,18,163,488,349,976,3490,545,1020,1
biased_verification,5,prestige,371,369,0.9946091644204852,0.9272237196765498,0.8615384615384616,0.9322493224932249,0.22137763383053885,0.36314363143631434,0.9767441860465116,2,19,6398,1.0,0.9925925925925926,1.0,1.0,0.9767441860465116,1.0,1.0,344,25,65,55,17,1,108,54,8,176,544,369,1088,3690,540,1080,5
biased_verification,5,bounded,371,368,0.9919137466307277,0.9164420485175202,0.8923076923076924,0.9239130434782609,0.21928166351606806,0.358695652173913,0.9777777777777777,3,21,6410,2.3333333333333335,0.9777777777777777,1.0,1.0,1.0,1.0,1.0,340,28,65,57,21,1,102,58,12,166,530,368,1060,3680,510,1160,5
biased_verification,5,uniform,371,369,0.9946091644204852,0.9164420485175202,0.9076923076923077,0.9214092140921409,0.22004098089761384,0.3604336043360434,0.9851851851851852,2,24,6392,2.0,0.9851851851851852,1.0,1.0,1.0,1.0,1.0,340,29,65,58,23,1,102,58,18,151,516,369,1032,3690,510,1160,5
biased_verification,6,prestige,353,352,0.9971671388101983,0.9121813031161473,0.9152542372881356,0.9147727272727273,0.25468104338842973,0.42329545454545453,0.9933333333333333,1,24,6190,1.0,0.9933333333333333,1.0,1.0,1.0,1.0,1.0,322,30,59,51,22,3,118,52,10,170,520,352,1040,3520,590,1040,5
biased_verification,6,bounded,353,350,0.9915014164305949,0.9008498583569405,0.9152542372881356,0.9085714285714286,0.2527673469387755,0.42,0.98,3,22,6215,1.0,0.98,1.0,1.0,1.0,1.0,1.0,318,32,59,52,25,2,107,57,20,173,520,350,1040,3500,535,1140,5
biased_verification,6,uniform,353,351,0.9943342776203966,0.9178470254957507,0.8813559322033898,0.9230769230769231,0.2537235899059261,0.42165242165242167,0.9866666666666667,2,22,5943,1.0,0.9866666666666667,1.0,1.0,1.0,1.0,1.0,324,27,59,48,16,4,107,46,22,146,489,351,978,3510,535,920,5
biased_verification,7,prestige,364,362,0.9945054945054945,0.8983516483516484,0.8615384615384616,0.9033149171270718,0.2419797930466103,0.40607734806629836,0.9767441860465116,2,15,6771,1.0,0.9932432432432432,1.0,1.0,1.0,1.0,0.9767441860465116,327,35,65,54,25,2,121,66,11,263,613,362,1226,3620,605,1320,2
biased_verification,7,bounded,364,363,0.9972527472527473,0.8901098901098901,0.8923076923076924,0.8925619834710744,0.24129347570369358,0.4049586776859504,0.9932432432432432,1,20,6602,1.0,0.9932432432432432,1.0,1.0,1.0,1.0,1.0,324,39,65,54,29,4,104,67,20,207,556,363,1112,3630,520,1340,2
biased_verification,7,uniform,364,363,0.9972527472527473,0.8928571428571429,0.8923076923076924,0.8953168044077136,0.2425380780001366,0.40771349862258954,0.9848484848484849,1,19,6611,1.0,1.0,0.9848484848484849,1.0,1.0,1.0,1.0,325,38,65,56,29,2,99,68,23,212,563,363,1126,3630,495,1360,2
biased_verification,8,prestige,353,349,0.9886685552407932,0.9036827195467422,0.8846153846153846,0.9140401146131805,0.2523378297386721,0.42120343839541546,0.96875,4,13,6123,1.5,0.98,1.0,1.0,0.96875,1.0,1.0,319,30,52,45,23,1,113,56,15,126,474,349,948,3490,565,1120,7
biased_verification,8,bounded,353,349,0.9886685552407932,0.8951841359773371,0.8846153846153846,0.9054441260744985,0.25230498928580225,0.42120343839541546,0.9705882352941176,4,15,6085,1.25,0.98,1.0,0.9705882352941176,1.0,1.0,1.0,316,33,52,40,21,6,119,52,11,131,480,349,960,3490,595,1040,7
biased_verification,8,uniform,353,350,0.9915014164305949,0.9093484419263456,0.9615384615384616,0.9171428571428571,0.25141224489795916,0.42,0.98,3,15,6284,1.3333333333333333,0.98,1.0,1.0,1.0,1.0,1.0,321,29,52,45,22,5,120,57,15,174,522,350,1044,3500,600,1140,7
no_verification,1,prestige,347,346,0.9971181556195965,0.9106628242074928,0.8448275862068966,0.9132947976878613,0.2587624043569781,0.430635838150289,0.9933333333333333,1,20,5294,1.0,0.9933333333333333,1.0,1.0,1.0,1.0,1.0,316,30,58,49,22,0,0,51,0,62,407,346,814,3460,0,1020,1
no_verification,1,bounded,347,345,0.9942363112391931,0.9106628242074928,0.9482758620689655,0.9159420289855073,0.2598025624868725,0.4318840579710145,0.9642857142857143,2,19,5498,1.5,0.9933333333333333,1.0,1.0,0.9642857142857143,1.0,1.0,316,29,58,55,26,0,0,62,0,59,404,345,808,3450,0,1240,1
no_verification,1,uniform,347,346,0.9971181556195965,0.9135446685878963,0.896551724137931,0.9161849710982659,0.2587624043569781,0.430635838150289,0.9933333333333333,1,18,5418,1.0,0.9933333333333333,1.0,1.0,1.0,1.0,1.0,317,29,58,52,23,0,0,57,0,65,409,346,818,3460,0,1140,1
no_verification,2,prestige,354,353,0.9971751412429378,0.9322033898305084,0.8571428571428571,0.9348441926345609,0.22405283727499614,0.37393767705382436,0.9696969696969697,1,16,5374,1.0,1.0,1.0,0.9696969696969697,1.0,1.0,1.0,330,23,63,54,14,0,0,52,0,50,402,353,804,3530,0,1040,5
no_verification,2,bounded,354,353,0.9971751412429378,0.9067796610169492,0.7936507936507936,0.9093484419263456,0.2235071303035896,0.37393767705382436,0.9850746268656716,1,15,5426,1.0,1.0,0.9850746268656716,1.0,1.0,1.0,1.0,321,32,63,50,19,0,0,54,0,56,408,353,816,3530,0,1080,5
no_verification,2,uniform,354,354,1.0,0.9350282485875706,0.8571428571428571,0.9350282485875706,0.22330747869386192,0.3728813559322034,1.0,0,15,5430,0,1.0,1.0,1.0,1.0,1.0,1.0,331,23,63,54,14,0,0,53,0,62,415,354,830,3540,0,1060,5
no_verification,3,prestige,388,385,0.9922680412371134,0.8994845360824743,0.8153846153846154,0.9064935064935065,0.23336819025130712,0.38701298701298703,0.9743589743589743,3,16,6036,2.0,0.9933333333333333,1.0,1.0,0.9761904761904762,1.0,0.9743589743589743,349,36,65,53,24,0,0,61,0,99,483,385,966,3850,0,1220,6
no_verification,3,bounded,388,385,0.9922680412371134,0.8943298969072165,0.8923076923076924,0.9012987012987013,0.23045370214201383,0.38181818181818183,0.98,3,19,6232,1.0,0.98,1.0,1.0,1.0,1.0,1.0,347,38,65,58,31,0,0,70,0,108,491,385,982,3850,0,1400,6
no_verification,3,uniform,388,386,0.9948453608247423,0.8994845360824743,0.8615384615384616,0.9041450777202072,0.23124110714381593,0.38341968911917096,0.9866666666666667,2,16,6182,1.0,0.9866666666666667,1.0,1.0,1.0,1.0,1.0,349,37,65,56,28,0,0,68,0,97,481,386,962,3860,0,1360,6
no_verification,4,prestige,349,349,1.0,0.9169054441260746,0.86,0.9169054441260746,0.2422229702547598,0.40114613180515757,1.0,0,11,5336,0,1.0,1.0,1.0,1.0,1.0,1.0,320,29,50,43,22,0,0,54,0,34,383,349,766,3490,0,1080,1
no_verification,4,bounded,349,349,1.0,0.8968481375358166,0.86,0.8968481375358166,0.2422229702547598,0.40114613180515757,1.0,0,17,5380,0,1.0,1.0,1.0,1.0,1.0,1.0,313,36,50,43,29,0,0,55,0,46,395,349,790,3490,0,1100,1
no_verification,4,uniform,349,348,0.997134670487106,0.9025787965616046,0.82,0.9051724137931034,0.24303078345884532,0.40229885057471265,0.9722222222222222,1,17,5256,1.0,1.0,1.0,1.0,1.0,0.9722222222222222,1.0,315,33,50,41,25,0,0,49,0,50,398,348,796,3480,0,980,1
no_verification,5,prestige,371,369,0.9946091644204852,0.9137466307277629,0.8461538461538461,0.9186991869918699,0.2227583522447691,0.36585365853658536,0.975609756097561,2,20,5710,1.0,1.0,1.0,1.0,0.9767441860465116,0.975609756097561,1.0,339,30,65,55,21,0,0,56,0,82,450,369,900,3690,0,1120,5
no_verification,5,bounded,371,371,1.0,0.8975741239892183,0.8923076923076924,0.8975741239892183,0.2215691545397084,0.3638814016172507,1.0,0,26,5862,0,1.0,1.0,1.0,1.0,1.0,1.0,333,38,65,58,31,0,0,63,0,77,446,371,892,3710,0,1260,5
no_verification,5,uniform,371,369,0.9946091644204852,0.9245283018867925,0.8769230769230769,0.9295392953929539,0.22140701081807568,0.36314363143631434,0.975609756097561,2,19,5694,1.0,0.9925925925925926,1.0,1.0,1.0,0.975609756097561,1.0,343,26,65,57,19,0,0,57,0,63,432,369,864,3690,0,1140,5
no_verification,6,prestige,353,352,0.9971671388101983,0.9150141643059491,0.864406779661017,0.9176136363636364,0.25468104338842973,0.42329545454545453,0.9933333333333333,1,19,5376,1.0,0.9933333333333333,1.0,1.0,1.0,1.0,1.0,323,29,59,51,21,0,0,53,0,47,398,352,796,3520,0,1060,5
no_verification,6,bounded,353,352,0.9971671388101983,0.9008498583569405,0.8813559322033898,0.9034090909090909,0.2566341683884298,0.42613636363636365,0.9655172413793104,1,23,5482,1.0,1.0,1.0,1.0,1.0,1.0,0.9655172413793104,318,34,59,52,27,0,0,56,0,69,421,352,842,3520,0,1120,5
no_verification,6,uniform,353,353,1.0,0.9121813031161473,0.8305084745762712,0.9121813031161473,0.25563964079641116,0.42492917847025496,1.0,0,15,5438,0,1.0,1.0,1.0,1.0,1.0,1.0,322,31,59,49,21,0,0,55,0,51,404,353,808,3530,0,1100,5
no_verification,7,prestige,364,364,1.0,0.9065934065934066,0.8461538461538461,0.9065934065934066,0.24219599082236448,0.4065934065934066,1.0,0,20,5720,0,1.0,1.0,1.0,1.0,1.0,1.0,330,34,65,55,24,0,0,59,0,87,450,364,900,3640,0,1180,2
no_verification,7,bounded,364,364,1.0,0.9010989010989011,0.8153846153846154,0.9010989010989011,0.24219599082236448,0.4065934065934066,1.0,0,19,5732,0,1.0,1.0,1.0,1.0,1.0,1.0,328,36,65,53,24,0,0,58,0,103,466,364,932,3640,0,1160,2
no_verification,7,uniform,364,364,1.0,0.8928571428571429,0.8615384615384616,0.8928571428571429,0.24219599082236448,0.4065934065934066,1.0,0,20,5906,0,1.0,1.0,1.0,1.0,1.0,1.0,325,39,65,56,30,0,0,66,0,118,473,364,946,3640,0,1320,2
no_verification,8,prestige,353,352,0.9971671388101983,0.9036827195467422,0.8461538461538461,0.90625,0.2552459969008265,0.42613636363636365,0.96875,1,14,5436,2.0,1.0,1.0,1.0,0.96875,1.0,1.0,319,33,52,44,25,0,0,55,0,56,408,352,816,3520,0,1100,7
no_verification,8,bounded,353,352,0.9971671388101983,0.9121813031161473,0.7692307692307693,0.9147727272727273,0.2533412964876033,0.42329545454545453,0.9933333333333333,1,12,5236,1.0,0.9933333333333333,1.0,1.0,1.0,1.0,1.0,322,30,52,40,18,0,0,46,0,47,398,352,796,3520,0,920,7
no_verification,8,uniform,353,352,0.9971671388101983,0.9036827195467422,0.8076923076923077,0.90625,0.2533412964876033,0.42329545454545453,0.9933333333333333,1,13,5408,1.0,0.9933333333333333,1.0,1.0,1.0,1.0,1.0,319,33,52,42,23,0,0,52,0,73,424,352,848,3520,0,1040,7
